Kunde Nr,Kunde,Oppdrag Nr,ETD,Pakning,Avsender Navn,FRA Adresse,Mottaker Navn,TIL Adresse,Valuta Kode,Valuta Kurs,Leveringsbetingelse,Faktura Nr,Antall Kolli,Frbr Vekt,Netto Vekt,Brutto Vekt,Volum,Laste Meter,Antall Paller,DOMESTIC FREIGHT, ROADTAX-INFRASTRUCTURE,FUEL SURCHARGE,Distribution202,Pickup 201,LoadMeter277,DomesticFreight 200
15851,VINK NORWAY AS,2150767,1/2/2025,,VINK NORWAY AS,BJØRNERUDVEIEN 8 1266 OSLO NO,Hamco Eiendom,"SULTINDVIKVEIEN 15, FF261 9302 ROSSFJORDSTRAUMEN NO",NOK,0,S,559177,7,8255,8255,8255,0,0,0,12682,95,634,0,0,0,12682
15851,VINK NORWAY AS,2159747,1/17/2025,,VINK NORWAY AS,BJØRNERUDVEIEN 8 1266 OSLO NO,HAVIDA- LAGER I BRØNNØYSUND,GÅRDSØYVEIEN 19 8907 BRØNNØYSUND NO,NOK,0,S,559819,9,6387,6387,6387,0,0,0,8900,95,0,0,0,0,8900
15851,VINK NORWAY AS,2160804,1/20/2025,,VINK NORWAY AS,BJØRNERUDVEIEN 8 1266 OSLO NO,THE QUARTZ CORP AS,HELLANDSVEIEN 14 8270 DRAG NO,NOK,0,S,561402,1,232,232,232,0,0,0,2200,95,0,0,0,0,2200
15851,VINK NORWAY AS,2164780,1/28/2025,,VINK NORWAY AS,BJØRNERUDVEIEN 8 1266 OSLO NO,NOFI TROMSØ AS,Eidevegen 642 9105 KVALØYA NO,NOK,0,,562951,2,3459,3459,3459,"8,136",0,0,7060,95,494,0,0,0,7060
15851,VINK NORWAY AS,2168079,2/4/2025,,VINK NORWAY AS,Bjørnerudveien 8 1266 OSLO NO,Nofi Tromsø AS Hovedlager,Stakkvollveien 51 9010 Tromsø NO,NOK,0,P,564352,1,1148,1148,1148,"2,32",0,1,2527,95,177,0,0,0,2527
15851,VINK NORWAY AS,2170421,2/10/2025,,VINK NORWAY AS,Bjørnerudveien 8 1266 OSLO NO,NOFI Tromsø AS,Eidvegen 642 9105 Kvaløya NO,NOK,0,P,566878,2,"1012,5",926,926,"2,865",0,2,2227,95,156,0,0,0,2227
15851,VINK NORWAY AS,2174177,2/18/2025,,VINK NORWAY AS,Bjørnerudveien 8 1266 OSLO NO,AKVA GROUP LAND BASED NORWAY AS,Møssaveien 13 8920 Sømna NO,NOK,0,P,564872,28,"26279,8",25591,25591,"53,137",0,28,28905,95,0,0,0,0,28905
15851,VINK NORWAY AS,2174591,2/18/2025,,VINK NORWAY AS,Bjørnerudveien 8 1266 OSLO NO,Lofoten Industri AS avd. Flyt,Vorsetøyveien 18 8300 Svolvær NO,NOK,0,P,567909,1,"12,3",3,3,"0,041",0,1,630,95,38,0,0,0,630
15851,VINK NORWAY AS,2174831,2/19/2025,,VINK NORWAY AS,Bjørnerudveien 8 1266 OSLO NO,HELGELAND SMOLT AS,Indre Holandsfjordveien 66 8178 HALSA NO,NOK,0,P,567910,1,284,284,284,"0,442",0,1,1443,95,87,0,0,0,1443
15851,VINK NORWAY AS,2174832,2/19/2025,,VINK NORWAY AS,Bjørnerudveien 8 1266 OSLO NO,Hurtigtrykk Alta,Aronnesveien 40 B 9514 Alta NO,NOK,0,P,566879,1,41,41,41,"0,106",0,1,964,95,67,0,0,0,964
15851,VINK NORWAY AS,2175064,2/19/2025,,VINK NORWAY AS,Bjørnerudveien 8 1266 OSLO NO,Industripartner Sprett.net AS,Sør-Varangerveien 4 9801 Vadsø NO,NOK,0,P,566880,1,19,19,19,"0,02",0,1,1600,95,0,0,0,0,1600
15851,VINK NORWAY AS,2175427,2/20/2025,,VINK NORWAY AS,Bjørnerudveien 8 1266 OSLO NO,Nofi Tromsø AS Hovedlager,Stakkvollveien 51 9010 Tromsø NO,NOK,0,P,566881,2,"489,6",366,366,"1,632",0,2,1761,95,123,0,0,0,1761
15851,VINK NORWAY AS,2175792,2/20/2025,,VINK NORWAY AS,Bjørnerudveien 8 1266 OSLO NO,Helgeland Smolt avd. Kilvik,Indre holandsfjorveien 66 8178 Halsa NO,NOK,0,P,567911,2,1400,1400,1400,"3,287",0,2,3210,95,193,0,0,0,3210
15851,VINK NORWAY AS,2176103,2/21/2025,,VINK NORWAY AS,Bjørnerudveien 8 1266 OSLO NO,"Plast og Montasje AS,",SKIBOTSVEIEN 388 9143 SKIBOTN NO,NOK,0,P,566882,1,"286,8",217,217,"0,956",0,1,4003,95,280,0,0,0,4003
15851,VINK NORWAY AS,2176335,2/21/2025,,VINK NORWAY AS,Bjørnerudveien 8 1266 OSLO NO,HAMCO BYGG,"SULTINDVIKVEIEN 15, FF261 9302 ROSSFJORDSTRAUMEN NO",NOK,0,P,566883,2,2987,2987,2987,"3,38",0,2,5592,95,391,0,0,0,5592
15851,VINK NORWAY AS,2179000,2/27/2025,,VINK NORWAY AS,Bjørnerudveien 8 1266 OSLO NO,NOFI Tromsø AS,Eidvegen 642 9105 Kvaløya NO,NOK,0,P,567912,3,2398,2398,2398,"4,98",0,3,5278,95,317,0,0,0,5278
15851,VINK NORWAY AS,2180268,3/3/2025,,VINK NORWAY AS,Bjørnerudveien 8 1266 OSLO NO,Båt og Motor AS,HAVNEVEIEN 30-32 9610 RYPEFJORD NO,NOK,0,P,568305,2,"1618,8",1613,1613,"4,128",0,2,5104,95,306,0,0,0,5104
15851,VINK NORWAY AS,2180269,3/3/2025,,VINK NORWAY AS,Bjørnerudveien 8 1266 OSLO NO,NORDLAND AKVA AS,Skaret 8170 Engavågen NO,NOK,0,P,568306,1,1430,1430,1430,"1,98",0,1,3279,95,197,0,0,0,3279
15851,VINK NORWAY AS,2180270,3/3/2025,,VINK NORWAY AS,Bjørnerudveien 8 1266 OSLO NO,Warholm Mekaniske,Klubbveien 19 8909 BRØNNØYSUND NO,NOK,0,P,568307,1,"193,5",144,144,"0,645",0,1,883,95,53,0,0,0,883
15851,VINK NORWAY AS,2180605,3/3/2025,,VINK NORWAY AS,Bjørnerudveien 8 1266 OSLO NO,"Plast og Montasje AS,",SKIBOTSVEIEN 388 9143 SKIBOTN NO,NOK,0,P,568308,3,"1052,3",977,977,"3,484",0,3,4804,95,288,0,0,0,4804
15851,VINK NORWAY AS,2181495,3/5/2025,,VINK NORWAY AS,Bjørnerudveien 8 1266 OSLO NO,Ofotech AS,Teknologiveien 11 8517 NARVIK NO,NOK,0,P,569909,1,"175,5",65,65,"0,585",0,1,883,95,53,0,0,0,883
15851,VINK NORWAY AS,2181710,3/5/2025,,VINK NORWAY AS,Bjørnerudveien 8 1266 OSLO NO,MELBU SYSTEMS AS,SMINESGATA 3 8445 MELBU NO,NOK,0,P,569910,2,116,116,116,"0,218",0,2,883,95,53,0,0,0,883
15851,VINK NORWAY AS,2182107,3/6/2025,,VINK NORWAY AS,Bjørnerudveien 8 1266 OSLO NO,Hurtigtrykk Alta,Aronnesveien 40 B 9514 Alta NO,NOK,0,P,568309,1,"274,8",205,205,"0,916",0,1,1519,95,91,0,0,0,1519
15851,VINK NORWAY AS,2182283,3/6/2025,,VINK NORWAY AS,Bjørnerudveien 8 1266 OSLO NO,POLARPLAST AS,GLOMFJORD INDUSTRIPARK 8160 GLOMFJORD NO,NOK,0,P,568310,1,722,722,722,"2,311",0,1,7500,0,0,0,0,0,7500
15851,VINK NORWAY AS,2182464,3/7/2025,,VINK NORWAY AS,Bjørnerudveien 8 1266 OSLO NO,"Plast og Montasje AS,",SKIBOTSVEIEN 388 9143 SKIBOTN NO,NOK,0,P,568311,3,"753,9",635,635,"2,513",0,3,4804,95,288,0,0,0,4804
15851,VINK NORWAY AS,2182495,3/7/2025,,VINK NORWAY AS,Bjørnerudveien 8 1266 OSLO NO,LUNDBLAD MEDIA AS,Håndverkerveien 1 9018 Tromsø NO,NOK,0,P,568312,1,841,841,841,"1,654",0,1,1851,95,111,0,0,0,1851
15851,VINK NORWAY AS,2182671,3/7/2025,,VINK NORWAY AS,Bjørnerudveien 8 1266 OSLO NO,Vónin Refa AS,STRANDVEIEN 70 9300 FINNSNES NO,NOK,0,P,569911,1,"91,8",80,80,"0,306",0,1,883,95,53,0,0,0,883
15851,VINK NORWAY AS,2183310,3/10/2025,,VINK NORWAY AS,Bjørnerudveien 8 1266 OSLO NO,Brukstomta Næringspark AS,Sørfjordveien 5 7980 Terråk NO,NOK,0,,573642,0,0,0,0,0,0,0,3064,95,70,1900,0,0,1164
15851,VINK NORWAY AS,2183310,3/10/2025,,VINK NORWAY AS,Bjørnerudveien 8 1266 OSLO NO,Brukstomta Næringspark AS,Sørfjordveien 5 7980 Terråk NO,NOK,0,,595370,0,0,0,0,0,0,0,3064,95,70,1900,0,0,1164
15851,VINK NORWAY AS,2183310,3/10/2025,,VINK NORWAY AS,Bjørnerudveien 8 1266 OSLO NO,Brukstomta Næringspark AS,Sørfjordveien 5 7980 Terråk NO,NOK,0,P,571673,1,"306,6",145,145,"1,022",0,1,3064,95,70,1900,0,0,1164
15851,VINK NORWAY AS,2183311,3/8/2025,,VINK NORWAY AS,Bjørnerudveien 8 1266 OSLO NO,NOFI Tromsø AS,Eidvegen 642 9105 Kvaløya NO,NOK,0,P,568805,6,3920,3920,3920,"5,945",0,6,7338,95,440,0,0,0,7338
15851,VINK NORWAY AS,2184387,3/12/2025,,VINK NORWAY AS,Bjørnerudveien 8 1266 OSLO NO,AHLSELL NORGE AS,"Teglverkveien 19, Bygg A, Inngang 1 8006 Bodø NO",NOK,0,P,568806,1,216,180,180,"0,72",0,1,1066,95,64,0,0,0,1066
15851,VINK NORWAY AS,2184596,3/12/2025,,VINK NORWAY AS,Bjørnerudveien 8 1266 OSLO NO,MELBU SYSTEMS AS,SMINESGATA 3 8445 MELBU NO,NOK,0,P,569912,1,818,818,818,"1,633",0,1,1726,95,104,0,0,0,1726
15851,VINK NORWAY AS,2184738,3/12/2025,,VINK NORWAY AS,Bjørnerudveien 8 1266 OSLO NO,MELBU SYSTEMS AS,SMINESGATA 3 8445 MELBU NO,NOK,0,P,569913,1,513,513,513,"1,682",0,1,1687,95,101,0,0,0,1687
15851,VINK NORWAY AS,2184968,3/12/2025,,VINK NORWAY AS,Bjørnerudveien 8 1266 OSLO NO,AKVA GROUP LAND BASED NORWAY AS,Møssaveien 13 8920 Sømna NO,NOK,0,P,568807,1,1108,1108,1108,"1,97",0,1,2541,95,152,0,0,0,2541
15851,VINK NORWAY AS,2185252,3/13/2025,,VINK NORWAY AS,Bjørnerudveien 8 1266 OSLO NO,UIT NORGES ARKTISKE UNIVERSITET,LODVE LANGES GATE 2 8514 NARVIK NO,NOK,0,P,569914,1,420,420,420,"0,605",0,1,2264,95,136,650,0,0,1614
15851,VINK NORWAY AS,2186513,3/17/2025,,VINK NORWAY AS,Bjørnerudveien 8 1266 OSLO NO,"Plast og Montasje AS,",SKIBOTSVEIEN 388 9143 SKIBOTN NO,NOK,0,P,569915,3,732,615,615,"2,44",0,3,4804,95,288,0,0,0,4804
15851,VINK NORWAY AS,2186625,3/17/2025,,VINK NORWAY AS,Bjørnerudveien 8 1266 OSLO NO,Nærøysund Aquaservice AS,Marøystrandvegen 29 7900 Rørvik NO,NOK,0,P,571674,1,357,357,357,"0,845",0,1,1358,95,81,0,0,0,1358
15851,VINK NORWAY AS,2186900,3/19/2025,,VINK NORWAY AS,Bjørnerudveien 8 1266 OSLO NO,Induformas,Ravns Gata 6A 7600 LEVANGER NO,NOK,0,P,571675,5,3350,3350,3350,"5,217",0,5,3440,95,206,0,0,0,3440
15851,VINK NORWAY AS,2186901,3/17/2025,,VINK NORWAY AS,Bjørnerudveien 8 1266 OSLO NO,Havida - Lager i Brønnøysund,Gårdsøyveien 19 8907 BRØNNØYSUND NO,NOK,0,P,569916,9,"4062,2",3897,3897,"9,305",0,9,6260,95,376,0,0,0,6260
15851,VINK NORWAY AS,2187081,3/17/2025,,VINK NORWAY AS,Bjørnerudveien 8 1266 OSLO NO,Nofi Tromsø AS Hovedlager,Stakkvollveien 51 9010 Tromsø NO,NOK,0,P,569917,3,2889,2889,2889,"5,25",0,3,5408,95,324,0,0,0,5408
15851,VINK NORWAY AS,2187082,3/18/2025,,VINK NORWAY AS,Bjørnerudveien 8 1266 OSLO NO,MELBU SYSTEMS AS,SMINESGATA 3 8445 MELBU NO,NOK,0,P,569918,1,932,932,932,"1,984",0,1,1687,95,101,0,0,0,1687
15851,VINK NORWAY AS,2187333,3/18/2025,,VINK NORWAY AS,Bjørnerudveien 8 1266 OSLO NO,NOFI Tromsø AS,Eidvegen 642 9105 Kvaløya NO,NOK,0,P,569919,1,1414,1414,1414,"3,339",0,1,3371,95,202,0,0,0,3371
15851,VINK NORWAY AS,2187769,3/19/2025,,VINK NORWAY AS,Bjørnerudveien 8 1266 OSLO NO,POLARPLAST AS,GLOMFJORD INDUSTRIPARK 8160 GLOMFJORD NO,NOK,0,P,569920,3,2814,2814,2814,"5,264",0,3,4986,95,299,0,0,0,4986
15851,VINK NORWAY AS,2187770,3/19/2025,,VINK NORWAY AS,Bjørnerudveien 8 1266 OSLO NO,NOR-LOG,Tanafjorden 99 9845 Tana NO,NOK,0,P,571676,3,"969,5",963,963,"1,955",0,3,2489,95,149,0,0,0,2489
15851,VINK NORWAY AS,2187950,3/19/2025,,VINK NORWAY AS,Bjørnerudveien 8 1266 OSLO NO,STELLA POLARIS,Kårvikvegen 306 9307 FINNSNES NO,NOK,0,P,571677,1,806,806,806,"1,95",0,1,1774,95,106,0,0,0,1774
15851,VINK NORWAY AS,2188491,3/20/2025,,VINK NORWAY AS,Bjørnerudveien 8 1266 OSLO NO,HAPLAST AS,INDUSTRIVEIEN 6 9062 FURUFLATEN NO,NOK,0,P,569921,9,"7227,6",7028,7028,"12,804",0,9,17497,95,1050,0,0,0,17497
15851,VINK NORWAY AS,2188599,2/19/2025,,VINK NORWAY AS,Bjørnerudveien 8 1266 OSLO NO,Industripartner Sprett.net AS,Sør-Varangerveien 4 9801 Vadsø NO,NOK,0,P,569922,−1,−19,−19,−19,"−0,02",0,−1,−1600,−95,0,0,0,0,−1600
15851,VINK NORWAY AS,2188600,2/19/2025,,VINK NORWAY AS,Bjørnerudveien 8 1266 OSLO NO,Industripartner Sprett.net AS,Sør-Varangerveien 4 9801 Vadsø NO,NOK,0,P,569923,1,19,19,19,"0,02",0,1,708,95,42,0,0,0,708
15851,VINK NORWAY AS,2189736,3/24/2025,,VINK NORWAY AS,Bjørnerudveien 8 1266 OSLO NO,NORSEAQUA AS,Sørfjordveien 5 7980 Terråk NO,NOK,0,,573643,0,0,0,0,0,0,0,5954,95,180,2950,0,0,3004
15851,VINK NORWAY AS,2189736,3/24/2025,,VINK NORWAY AS,Bjørnerudveien 8 1266 OSLO NO,NORSEAQUA AS,Sørfjordveien 5 7980 Terråk NO,NOK,0,,595369,0,0,0,0,0,0,0,5954,95,180,2950,0,0,3004
15851,VINK NORWAY AS,2189736,3/24/2025,,VINK NORWAY AS,Bjørnerudveien 8 1266 OSLO NO,NORSEAQUA AS,Sørfjordveien 5 7980 Terråk NO,NOK,0,P,571678,4,"1494,3",1448,1448,"3,185",0,4,5954,95,180,2950,0,0,3004
15851,VINK NORWAY AS,2189857,3/24/2025,,VINK NORWAY AS,Bjørnerudveien 8 1266 OSLO NO,SLIPEN MEKANISKE AS,Kirkeveien 1 8800 Sandnessjøen NO,NOK,0,P,571679,1,720,720,720,"1,879",0,1,1321,95,79,0,0,0,1321
15851,VINK NORWAY AS,2189922,3/24/2025,,VINK NORWAY AS,Bjørnerudveien 8 1266 OSLO NO,"Plast og Montasje AS,",SKIBOTSVEIEN 388 9143 SKIBOTN NO,NOK,0,P,571680,1,"236,1",181,181,"0,787",0,1,1563,95,94,0,0,0,1563
15851,VINK NORWAY AS,2190267,3/25/2025,,VINK NORWAY AS,Bjørnerudveien 8 1266 OSLO NO,POLARPLAST AS,ØRNESVEIEN 3 8160 GLOMFJORD NO,NOK,0,P,571681,1,1076,1076,1076,"1,665",0,1,2467,95,148,0,0,0,2467
15851,VINK NORWAY AS,2190321,3/25/2025,,VINK NORWAY AS,Bjørnerudveien 8 1266 OSLO NO,Båt og Motor AS,HAVNEVEIEN 30-32 9610 RYPEFJORD NO,NOK,0,P,571682,3,"924,9",881,881,"1,703",0,3,2205,95,132,0,0,0,2205
15851,VINK NORWAY AS,2190478,3/25/2025,,VINK NORWAY AS,Bjørnerudveien 8 1266 OSLO NO,Kivelæ AS,Stullhansens vei 4b 9910 Bjørnevatn NO,NOK,0,P,571683,1,195,116,116,"0,65",0,1,1044,95,63,0,0,0,1044
15851,VINK NORWAY AS,2190479,3/25/2025,,VINK NORWAY AS,Bjørnerudveien 8 1266 OSLO NO,Havida - Lager i Brønnøysund,Gårdsøyveien 19 8907 BRØNNØYSUND NO,NOK,0,P,571684,1,57,57,57,"0,171",0,1,708,95,42,0,0,0,708
15851,VINK NORWAY AS,2190596,3/25/2025,,NOR-LOG,Tanafjorden 99 9845 TANA NO,FRODE UTSI AS,GRENVEIEN 18 9845 TANA NO,NOK,0,P,574853,3,"969,5",963,963,"1,955",0,3,400,95,0,0,0,0,400
15851,VINK NORWAY AS,2190844,3/26/2025,,VINK NORWAY AS,Bjørnerudveien 8 1266 OSLO NO,NORSEAQUA AS,Sørfjordveien 5 7980 Terråk NO,NOK,0,,573644,0,0,0,0,0,0,0,1451,95,33,900,0,0,551
15851,VINK NORWAY AS,2190844,3/26/2025,,VINK NORWAY AS,Bjørnerudveien 8 1266 OSLO NO,NORSEAQUA AS,Sørfjordveien 5 7980 Terråk NO,NOK,0,,595370,0,0,0,0,0,0,0,1451,95,33,900,0,0,551
15851,VINK NORWAY AS,2190844,3/26/2025,,VINK NORWAY AS,Bjørnerudveien 8 1266 OSLO NO,NORSEAQUA AS,Sørfjordveien 5 7980 Terråk NO,NOK,0,P,571685,1,"7,5",7,7,"0,025",0,1,1451,95,33,900,0,0,551
15851,VINK NORWAY AS,2191013,3/26/2025,,VINK NORWAY AS,Bjørnerudveien 8 1266 OSLO NO,AKVA GROUP LAND BASED NORWAY AS,Møssaveien 13 8920 Sømna NO,NOK,0,P,571686,21,21091,20996,20996,"39,273",0,21,26500,95,0,0,0,0,26500
15851,VINK NORWAY AS,2191014,3/26/2025,,VINK NORWAY AS,Bjørnerudveien 8 1266 OSLO NO,NOFI Tromsø AS,Eidvegen 642 9105 Kvaløya NO,NOK,0,P,571687,4,3197,3197,3197,"5,67",0,4,6525,95,392,0,0,0,6525
15851,VINK NORWAY AS,2191458,3/27/2025,,VINK NORWAY AS,Bjørnerudveien 8 1266 OSLO NO,NOFI Tromsø AS,Eidvegen 642 9105 Kvaløya NO,NOK,0,P,571688,2,"949,8",871,871,"2,076",0,2,2264,95,136,0,0,0,2264
15851,VINK NORWAY AS,2192137,3/27/2025,,VINK NORWAY AS,Bjørnerudveien 8 1266 OSLO NO,AKVA GROUP LAND BASED NORWAY AS,Møssaveien 13 8920 Sømna NO,NOK,0,P,571689,1,462,462,462,"1,367",0,1,1834,95,110,0,0,0,1834
15851,VINK NORWAY AS,2192138,3/28/2025,,VINK NORWAY AS,Bjørnerudveien 8 1266 OSLO NO,INDUFORM AS,Ravnsgt. 6A 7600 Levanger NO,NOK,0,P,571690,4,1987,1987,1987,"2,67",0,4,3471,95,208,0,0,0,3471
15851,VINK NORWAY AS,2193071,3/31/2025,,VINK NORWAY AS,Bjørnerudveien 8 1266 OSLO NO,"Plast og Montasje AS,",SKIBOTSVEIEN 388 9143 SKIBOTN NO,NOK,0,P,572776,3,"1616,1",1604,1604,"4,837",0,3,3777,95,227,0,0,0,3777
15851,VINK NORWAY AS,2193072,3/31/2025,,VINK NORWAY AS,Bjørnerudveien 8 1266 OSLO NO,NOFI Tromsø AS,Eidvegen 642 9105 Kvaløya NO,NOK,0,P,572777,1,72,45,45,"0,24",0,1,787,95,47,0,0,0,787
15851,VINK NORWAY AS,2193073,3/31/2025,,VINK NORWAY AS,Bjørnerudveien 8 1266 OSLO NO,TYPONOR AS,SVARTFJELLVEIEN 8 9600 HAMMERFEST NO,NOK,0,P,572778,1,225,225,225,"0,551",0,1,1519,95,76,0,0,0,1519
15851,VINK NORWAY AS,2193525,3/31/2025,,VINK NORWAY AS,Bjørnerudveien 8 1266 OSLO NO,POLARPLAST AS,GLOMFJORD INDUSTRIPARK 8160 GLOMFJORD NO,NOK,0,P,573006,1,818,818,818,"1,06",0,1,1876,95,94,0,0,0,1876
15851,VINK NORWAY AS,2193526,3/31/2025,,VINK NORWAY AS,Bjørnerudveien 8 1266 OSLO NO,Helgeland Smolt avd. Kilvik,Indre holandsfjorveien 66 8178 Halsa NO,NOK,0,P,573007,1,858,858,858,"1,893",0,1,1967,95,98,0,0,0,1967
15851,VINK NORWAY AS,2193714,4/1/2025,,VINK NORWAY AS,Bjørnerudveien 8 1266 OSLO NO,"Plast og Montasje AS,",SKIBOTSVEIEN 388 9143 SKIBOTN NO,NOK,0,P,573008,2,"489,6",366,366,"1,632",0,2,1761,95,88,0,0,0,1761
15851,VINK NORWAY AS,2193731,3/3/2025,,VINK NORWAY AS,Bjørnerudveien 8 1266 OSLO NO,Båt og Motor AS,HAVNEVEIEN 30-32 9610 RYPEFJORD NO,NOK,0,P,571691,−2,"−1618,8",−1613,−1613,"−4,128",0,−2,−5104,−95,−306,0,0,0,−5104
15851,VINK NORWAY AS,2193732,3/3/2025,,VINK NORWAY AS,Bjørnerudveien 8 1266 OSLO NO,Båt og Motor AS,HAVNEVEIEN 30-32 9610 RYPEFJORD NO,NOK,0,P,571692,2,"1618,8",1613,1613,"4,128",0,2,3859,95,232,0,0,0,3859
15851,VINK NORWAY AS,2193744,2/19/2025,,VINK NORWAY AS,Bjørnerudveien 8 1266 OSLO NO,Hurtigtrykk Alta,Aronnesveien 40 B 9514 Alta NO,NOK,0,P,571693,−1,−41,−41,−41,"−0,106",0,−1,−964,−95,−67,0,0,0,−964
15851,VINK NORWAY AS,2193745,2/19/2025,,VINK NORWAY AS,Bjørnerudveien 8 1266 OSLO NO,Hurtigtrykk Alta,Aronnesveien 40 B 9514 Alta NO,NOK,0,P,571694,1,41,41,41,"0,106",0,1,630,95,38,0,0,0,630
15851,VINK NORWAY AS,2193751,2/21/2025,,VINK NORWAY AS,Bjørnerudveien 8 1266 OSLO NO,"Plast og Montasje AS,",SKIBOTSVEIEN 388 9143 SKIBOTN NO,NOK,0,P,571695,−1,"−286,8",−217,−217,"−0,956",0,−1,−4003,−95,−280,0,0,0,−4003
15851,VINK NORWAY AS,2193752,2/21/2025,,VINK NORWAY AS,Bjørnerudveien 8 1266 OSLO NO,"Plast og Montasje AS,",SKIBOTSVEIEN 388 9143 SKIBOTN NO,NOK,0,P,571696,1,"286,8",217,217,"0,956",0,1,1563,95,94,0,0,0,1563
15851,VINK NORWAY AS,2194182,4/1/2025,,VINK NORWAY AS,Bjørnerudveien 8 1266 OSLO NO,Prodata Design AS,HAVNEVEIEN 1 9900 KIRKENES NO,NOK,0,P,573645,1,675,675,675,"1,588",0,1,2054,95,103,0,0,0,2054
15851,VINK NORWAY AS,2194493,4/2/2025,,VINK NORWAY AS,Bjørnerudveien 8 1266 OSLO NO,Industripartner Sprett.net AS,Sør-Varangerveien 4 9801 Vadsø NO,NOK,0,P,573646,2,"872,9",834,834,"1,643",0,2,2241,95,112,0,0,0,2241
15851,VINK NORWAY AS,2194533,4/2/2025,,VINK NORWAY AS,Bjørnerudveien 8 1266 OSLO NO,POLARPLAST AS,GLOMFJORD INDUSTRIPARK 8160 GLOMFJORD NO,NOK,0,P,573009,6,6400,6400,6400,"12,48",0,6,11341,95,567,0,0,0,11341
15851,VINK NORWAY AS,2194977,4/3/2025,,VINK NORWAY AS,Bjørnerudveien 8 1266 OSLO NO,Nærøysund Aquaservice AS,Marøystrandvegen 29 7900 Rørvik NO,NOK,0,P,574854,1,2,2,2,"0,002",0,1,551,95,28,0,0,0,551
15851,VINK NORWAY AS,2195002,4/3/2025,,VINK NORWAY AS,Bjørnerudveien 8 1266 OSLO NO,HELGELAND SMOLT AS AVD KILVIK,INDRE HOLANDSFJORDVEIEN 66 - MELØY 8178 HALSA NO,NOK,0,P,573010,1,867,867,867,"1,86",0,1,1988,95,99,0,0,0,1988
15851,VINK NORWAY AS,2195108,3/7/2025,,VINK NORWAY AS,Bjørnerudveien 8 1266 OSLO NO,Vónin Refa AS,STRANDVEIEN 70 9300 FINNSNES NO,NOK,0,P,572779,−1,"−91,8",−80,−80,"−0,306",0,−1,−883,−95,−53,0,0,0,−883
15851,VINK NORWAY AS,2195109,3/7/2025,,VINK NORWAY AS,Bjørnerudveien 8 1266 OSLO NO,Vónin Refa AS,STRANDVEIEN 70 9300 FINNSNES NO,NOK,0,P,572780,1,"91,8",80,80,"0,306",0,1,708,95,42,0,0,0,708
15851,VINK NORWAY AS,2195376,4/4/2025,,VINK NORWAY AS,Bjørnerudveien 8 1266 OSLO NO,POLARPLAST AS,GLOMFJORD INDUSTRIPARK 8160 GLOMFJORD NO,NOK,0,P,573011,1,1056,1056,1056,"1,595",0,1,2421,95,121,0,0,0,2421
15851,VINK NORWAY AS,2196272,4/7/2025,,VINK NORWAY AS,Bjørnerudveien 8 1266 OSLO NO,Nærøysund Aquaservice AS,Marøystrandvegen 29 7900 Rørvik NO,NOK,0,P,574855,1,353,353,353,"0,845",0,1,1607,95,80,0,0,0,1607
15851,VINK NORWAY AS,2196501,4/7/2025,,VINK NORWAY AS,Bjørnerudveien 8 1266 OSLO NO,NOFI Tromsø AS,Eidvegen 642 9105 Kvaløya NO,NOK,0,P,573647,1,705,705,705,"1,26",0,1,1908,95,95,0,0,0,1908
15851,VINK NORWAY AS,2196832,4/8/2025,,VINK NORWAY AS,Bjørnerudveien 8 1266 OSLO NO,Design Bjørn H AS,Strandgata 27 7900 Rørvik NO,NOK,0,P,574856,1,"273,9",250,250,"0,913",0,1,4988,95,249,0,0,0,4988
15851,VINK NORWAY AS,2197431,4/9/2025,,VINK NORWAY AS,Bjørnerudveien 8 1266 OSLO NO,Helgeland Smolt avd. Kilvika,Indre Holandsfjordveien 66 8178 HALSA NO,NOK,0,P,573648,1,580,580,580,"1,008",0,1,1834,95,92,0,0,0,1834
15851,VINK NORWAY AS,2197603,4/9/2025,,VINK NORWAY AS,Bjørnerudveien 8 1266 OSLO NO,POLARPLAST AS,GLOMFJORD INDUSTRIPARK 8160 GLOMFJORD NO,NOK,0,P,573649,4,4538,4538,4538,"7,6",0,4,0,0,0,0,0,0,0
15851,VINK NORWAY AS,2197604,4/9/2025,,VINK NORWAY AS,Bjørnerudveien 8 1266 OSLO NO,POLARPLAST AS,GLOMFJORD INDUSTRIPARK 8160 GLOMFJORD NO,NOK,0,P,573650,18,17602,17602,17602,"38,901",0,18,29000,0,0,0,0,0,29000
15851,VINK NORWAY AS,2197687,4/9/2025,,VINK NORWAY AS,Bjørnerudveien 8 1266 OSLO NO,LOFOTEN SVEISEINDUSTRI AS,Verftsgata 50 8300 Svolvær NO,NOK,0,P,573651,1,"48,3",35,35,"0,161",0,1,630,95,32,0,0,0,630
15851,VINK NORWAY AS,2197729,4/9/2025,,VINK NORWAY AS,Bjørnerudveien 8 1266 OSLO NO,NOFI Tromsø AS,Eidvegen 642 9105 Kvaløya NO,NOK,0,P,574857,1,1356,1356,1356,"1,935",0,1,3233,95,162,0,0,0,3233
15851,VINK NORWAY AS,2198301,4/10/2025,,VINK NORWAY AS,Bjørnerudveien 8 1266 OSLO NO,HAPLAST AS,INDUSTRIVEIEN 6 9062 FURUFLATEN NO,NOK,0,P,573652,4,2354,2323,2323,"4,655",0,4,7236,95,362,0,0,0,7236
15851,VINK NORWAY AS,2198525,4/10/2025,,VINK NORWAY AS,Bjørnerudveien 8 1266 OSLO NO,AKVA GROUP LAND BASED NORWAY AS,Møssaveien 13 8920 Sømna NO,NOK,0,P,573653,16,"14686,4",14333,14333,"31,073",0,16,19474,95,974,0,0,0,19474
15851,VINK NORWAY AS,2199441,4/14/2025,,VINK NORWAY AS,Bjørnerudveien 8 1266 OSLO NO,HELGELAND SMOLT AS,Indre Holandsfjordveien 66 8178 HALSA NO,NOK,0,P,574858,2,1747,1747,1747,"3,271",0,2,4006,95,200,0,0,0,4006
15851,VINK NORWAY AS,2199488,4/14/2025,,VINK NORWAY AS,Bjørnerudveien 8 1266 OSLO NO,NOFI Tromsø AS,Eidvegen 642 9105 Kvaløya NO,NOK,0,P,574859,2,2964,2964,2964,"6,901",0,2,6050,95,303,0,0,0,6050
15851,VINK NORWAY AS,2199976,4/14/2025,,VINK NORWAY AS,Bjørnerudveien 8 1266 OSLO NO,Industripartner Sprett.net AS,Sør-Varangerveien 4 9801 Vadsø NO,NOK,0,P,575921,1,576,576,576,"1,17",0,1,2054,95,103,0,0,0,2054
15851,VINK NORWAY AS,2199977,4/15/2025,,VINK NORWAY AS,Bjørnerudveien 8 1266 OSLO NO,HAPLAST AS,INDUSTRIVEIEN 6 9062 FURUFLATEN NO,NOK,0,P,575922,1,383,383,383,"1,12",0,1,2117,95,106,0,0,0,2117
15851,VINK NORWAY AS,2199978,4/14/2025,,VINK NORWAY AS,Bjørnerudveien 8 1266 OSLO NO,Hurtigtrykk Alta,Aronnesveien 40 B 9514 Alta NO,NOK,0,P,575923,2,477,477,477,"1,006",0,2,1834,95,92,0,0,0,1834
15851,VINK NORWAY AS,2199979,4/14/2025,,VINK NORWAY AS,Bjørnerudveien 8 1266 OSLO NO,POLARPLAST AS,GLOMFJORD INDUSTRIPARK 8160 GLOMFJORD NO,NOK,0,P,576957,2,2327,2327,2327,"4,4",0,2,9500,95,0,0,0,0,9500
15851,VINK NORWAY AS,2201247,4/16/2025,,VINK NORWAY AS,Bjørnerudveien 8 1266 OSLO NO,JOMAR AS,Alexandra Sverdups veg 2 7940 Ottersøy NO,NOK,0,P,575924,1,9,9,9,"0,022",0,1,564,95,28,0,0,0,564
15851,VINK NORWAY AS,2201253,4/16/2025,,VINK NORWAY AS,Bjørnerudveien 8 1266 OSLO NO,SALSNES FILTER AS,Salvassvegen 1304 7817 Salsnes NO,NOK,0,P,577606,1,10,10,10,"0,02",0,1,564,95,28,0,0,0,564
15851,VINK NORWAY AS,2202619,4/24/2025,,VINK NORWAY AS,Bjørnerudveien 8 1266 OSLO NO,POLARPLAST AS,GLOMFJORD INDUSTRIPARK 8160 GLOMFJORD NO,NOK,0,P,576958,2,2250,2250,2250,"4,19",0,2,5159,95,258,0,0,0,5159
15851,VINK NORWAY AS,2202620,4/24/2025,,VINK NORWAY AS,Bjørnerudveien 8 1266 OSLO NO,LOFOTEN SVEISEINDUSTRI AS,Verftsgata 50 8300 Svolvær NO,NOK,0,P,576959,1,408,408,408,"0,945",0,1,1761,95,53,0,0,0,1761
15851,VINK NORWAY AS,2202621,4/24/2025,,VINK NORWAY AS,Bjørnerudveien 8 1266 OSLO NO,Alta Mek. Verksted,Aronnesvei 46 9514 Alta NO,NOK,0,P,577607,3,"1197,9",1192,1192,"1,688",0,3,2747,95,82,0,0,0,2747
15851,VINK NORWAY AS,2202622,4/24/2025,,VINK NORWAY AS,Bjørnerudveien 8 1266 OSLO NO,POLARPLAST AS,GLOMFJORD INDUSTRIPARK 8160 GLOMFJORD NO,NOK,0,P,576960,1,"11,1",5,5,"0,037",0,1,551,95,28,0,0,0,551
15851,VINK NORWAY AS,2202753,4/24/2025,,VINK NORWAY AS,Bjørnerudveien 8 1266 OSLO NO,Helgeland Smolt avd. Kilvik,Indre holandsfjorveien 66 8178 Halsa NO,NOK,0,P,576961,1,858,858,858,"1,882",0,1,1834,95,92,0,0,0,1834
15851,VINK NORWAY AS,2204113,4/28/2025,,VINK NORWAY AS,Bjørnerudveien 8 1266 OSLO NO,STELLA POLARIS,Kårvikvegen 306 9307 FINNSNES NO,NOK,0,P,577608,2,"299,4",238,238,"0,972",0,2,1292,95,39,0,0,0,1292
15851,VINK NORWAY AS,2204358,4/28/2025,,VINK NORWAY AS,Bjørnerudveien 8 1266 OSLO NO,AKVA GROUP LAND BASED NORWAY AS,Møssaveien 13 8920 Sømna NO,NOK,0,P,577609,9,6025,6025,6025,"8,811",0,9,9285,95,279,0,0,0,9285
15851,VINK NORWAY AS,2204704,4/29/2025,,VINK NORWAY AS,Bjørnerudveien 8 1266 OSLO NO,NOFI Tromsø AS,Eidvegen 642 9105 Kvaløya NO,NOK,0,P,577610,3,2181,2181,2181,"4,12",0,3,5200,95,260,0,0,0,5200
15851,VINK NORWAY AS,2205044,4/29/2025,,VINK NORWAY AS,Bjørnerudveien 8 1266 OSLO NO,NORSEAQUA AS,Sørfjordveien 5 7980 Terråk NO,NOK,0,P,577611,2,"435,5",414,414,"0,885",0,2,3179,95,10,1750,0,0,1429
15851,VINK NORWAY AS,2205387,4/30/2025,,VINK NORWAY AS,Bjørnerudveien 8 1266 OSLO NO,Consto Byggeplass,Malmvegen 90-105 9022 Krokelvdalen NO,NOK,0,P,577909,1,1237,1237,1237,"2,79",0,1,12370,95,619,0,0,0,12370
15851,VINK NORWAY AS,2205591,4/30/2025,,VINK NORWAY AS,Bjørnerudveien 8 1266 OSLO NO,HAPLAST AS,INDUSTRIVEIEN 6 9062 FURUFLATEN NO,NOK,0,P,577612,5,"4381,7",4259,4259,"7,612",0,5,10609,95,318,0,0,0,10609
15851,VINK NORWAY AS,2207126,5/5/2025,,VINK NORWAY AS,Bjørnerudveien 8 1266 OSLO NO,LUNDBLAD MEDIA AS,Håndverkerveien 1 9018 Tromsø NO,NOK,0,P,580297,2,"534,8",511,511,"1,323",0,2,1761,95,53,0,0,0,1761
15851,VINK NORWAY AS,2207127,5/2/2025,,VINK NORWAY AS,Bjørnerudveien 8 1266 OSLO NO,Frydenbø Yards Øksfjord AS,FINNESVEIEN 30 9550 ØKSFJORD NO,NOK,0,P,577910,2,"328,7","167,2","167,2","1,086",0,2,2052,95,62,0,0,0,2052
15851,VINK NORWAY AS,2207165,5/5/2025,,VINK NORWAY AS,Bjørnerudveien 8 1266 OSLO NO,Bjørkmanns Trykkeri,ARONNESVEIEN 63 9514 ALTA NO,NOK,0,P,577911,1,601,601,601,"1,953",0,1,1834,95,55,0,0,0,1834
15851,VINK NORWAY AS,2207638,5/6/2025,,VINK NORWAY AS,Bjørnerudveien 8 1266 OSLO NO,NOFI Tromsø AS,Eidvegen 642 9105 Kvaløya NO,NOK,0,P,581855,4,"2414,6",2295,2295,"5,552",0,4,9000,95,270,0,0,0,9000
15851,VINK NORWAY AS,2207717,5/6/2025,,VINK NORWAY AS,Bjørnerudveien 8 1266 OSLO NO,IN DECOR AS,Industriveien 2 9308 FINNSNES NO,NOK,0,P,580298,1,12,11,11,"0,04",0,1,551,95,17,0,0,0,551
15851,VINK NORWAY AS,2207850,5/6/2025,,VINK NORWAY AS,Bjørnerudveien 8 1266 OSLO NO,POLARPLAST AS,GLOMFJORD INDUSTRIPARK 8160 GLOMFJORD NO,NOK,0,P,577912,3,1355,1355,1355,"2,915",0,3,3107,95,93,0,0,0,3107
15851,VINK NORWAY AS,2208780,5/7/2025,,VINK NORWAY AS,Bjørnerudveien 8 1266 OSLO NO,Havida - Lager i Brønnøysund,Gårdsøyveien 19 8907 BRØNNØYSUND NO,NOK,0,P,577913,1,"398,1",389,389,"1,327",0,1,1426,95,43,0,0,0,1426
15851,VINK NORWAY AS,2208781,5/7/2025,,VINK NORWAY AS,Bjørnerudveien 8 1266 OSLO NO,GRATANGEN MEK. INDUSTRI AS,HELLARBOGEN 9470 GRATANGEN NO,NOK,0,P,577914,1,"2,3","2,3","2,3","0,005",0,1,630,95,19,0,0,0,630
15851,VINK NORWAY AS,2208782,5/7/2025,,VINK NORWAY AS,Bjørnerudveien 8 1266 OSLO NO,MELBU SYSTEMS AS,SMINESGATA 3 8445 MELBU NO,NOK,0,P,577915,1,417,417,417,"0,851",0,1,1687,95,51,0,0,0,1687
15851,VINK NORWAY AS,2208859,5/8/2025,,VINK NORWAY AS,Bjørnerudveien 8 1266 OSLO NO,Nærøysund Aquaservice AS,Marøystrandvegen 29 7900 Rørvik NO,NOK,0,P,579020,2,"356,6",346,346,"1,187",0,2,3570,95,0,0,0,0,3570
15851,VINK NORWAY AS,2208881,5/8/2025,,VINK NORWAY AS,Bjørnerudveien 8 1266 OSLO NO,GAC Norway M/S Ramform Tethys c/o Nor Lines Norway,Ringveien 99 9019 Tromsø NO,NOK,0,P,581856,1,726,726,726,"2,242",0,1,1761,95,53,0,0,0,1761
15851,VINK NORWAY AS,2209416,5/9/2025,,VINK NORWAY AS,Bjørnerudveien 8 1266 OSLO NO,Norway Seafoods AS AVD. Sørvær,Havneveien 16 9595 Sørvær NO,NOK,0,P,577916,1,"141,6",135,135,"0,472",0,1,1594,95,48,0,0,0,1594
15851,VINK NORWAY AS,2209417,5/9/2025,,VINK NORWAY AS,Bjørnerudveien 8 1266 OSLO NO,AKVA GROUP LAND BASED NORWAY AS,Møssaveien 13 8920 Sømna NO,NOK,0,P,577917,1,377,377,377,"0,771",0,1,1426,95,43,0,0,0,1426
15851,VINK NORWAY AS,2209434,5/9/2025,,VINK NORWAY AS,Bjørnerudveien 8 1266 OSLO NO,aadde-as,Rustaveien 14 9325 Bardufoss NO,NOK,0,P,580299,1,"175,5",143,143,"0,585",0,1,883,95,26,0,0,0,883
15851,VINK NORWAY AS,2210440,5/12/2025,,VINK NORWAY AS,Bjørnerudveien 8 1266 OSLO NO,POLARPLAST AS,GLOMFJORD INDUSTRIPARK 8160 GLOMFJORD NO,NOK,0,P,579021,6,6165,6165,6165,"11,6",0,6,10924,95,328,0,0,0,10924
15851,VINK NORWAY AS,2211741,5/14/2025,,VINK NORWAY AS,Bjørnerudveien 8 1266 OSLO NO,POLARPLAST AS,GLOMFJORD INDUSTRIPARK 8160 GLOMFJORD NO,NOK,0,P,579022,2,1653,1653,1653,"2,977",0,2,3790,95,114,0,0,0,3790
15851,VINK NORWAY AS,2212425,5/15/2025,,VINK NORWAY AS,Bjørnerudveien 8 1266 OSLO NO,ReklameService GHTromsø AS,Skattørvegen 17a 9018 Tromsø NO,NOK,0,P,580300,2,"789,1",709,709,"2,015",0,2,1761,95,53,0,0,0,1761
15851,VINK NORWAY AS,2212755,5/16/2025,,VINK NORWAY AS,Bjørnerudveien 8 1266 OSLO NO,Bokstavhuset i Tromsø,Terminalgt 64 9019 Tromsø NO,NOK,0,P,580301,1,737,737,737,"1,562",0,1,1761,95,53,0,0,0,1761
15851,VINK NORWAY AS,2213050,5/16/2025,,VINK NORWAY AS,Bjørnerudveien 8 1266 OSLO NO,Hurtigtrykk Alta,Aronnesveien 40 B 9514 Alta NO,NOK,0,P,579023,1,"291,9",218,218,"0,973",0,1,1519,95,46,0,0,0,1519
15851,VINK NORWAY AS,2213562,5/16/2025,,VINK NORWAY AS,Bjørnerudveien 8 1266 OSLO NO,CHILI HARSTAD AS,Tunneset 2 9407 HARSTAD NO,NOK,0,P,580302,1,198,198,198,"0,517",0,1,883,95,26,0,0,0,883
15851,VINK NORWAY AS,2214139,5/19/2025,,VINK NORWAY AS,Bjørnerudveien 8 1266 OSLO NO,Consto Byggeplass,Malmvegen 90-105 9022 Krokelvdalen NO,NOK,0,P,582699,1,8,8,8,"0,014",0,1,551,95,17,0,0,0,551
15851,VINK NORWAY AS,2214140,5/19/2025,,VINK NORWAY AS,Bjørnerudveien 8 1266 OSLO NO,Vega ROV & Båt AS,Vegsteinveien 112 8980 Vega NO,NOK,0,P,580303,2,"110,5",78,78,"0,367",0,2,2083,95,62,1200,0,0,883
15851,VINK NORWAY AS,2214306,5/20/2025,,VINK NORWAY AS,Bjørnerudveien 8 1266 OSLO NO,POLARPLAST AS,GLOMFJORD INDUSTRIPARK 8160 GLOMFJORD NO,NOK,0,P,580304,1,1200,673,673,4,0,1,7000,95,0,0,0,0,7000
15851,VINK NORWAY AS,2214509,5/20/2025,,VINK NORWAY AS,Bjørnerudveien 8 1266 OSLO NO,COUNO,Poppelveien 10 8209 FAUSKE NO,NOK,0,P,580305,1,"17,1",12,12,"0,057",0,1,687,95,21,215,0,0,472
15851,VINK NORWAY AS,2214510,5/20/2025,,VINK NORWAY AS,Bjørnerudveien 8 1266 OSLO NO,GRAVING OG TRANSPORT AS,sør-varangerveien 9-11 9811 Vadsø NO,NOK,0,P,581857,1,1195,1195,1195,"1,98",0,1,3068,95,92,0,0,0,3068
15851,VINK NORWAY AS,2214806,5/21/2025,,VINK NORWAY AS,Bjørnerudveien 8 1266 OSLO NO,POLARPLAST AS,GLOMFJORD INDUSTRIPARK 8160 GLOMFJORD NO,NOK,0,P,580306,9,6946,6606,6606,"16,13",0,9,12758,95,383,0,0,0,12758
15851,VINK NORWAY AS,2215102,5/21/2025,,VINK NORWAY AS,Bjørnerudveien 8 1266 OSLO NO,SLIPEN MEKANISKE AS,Kirkeveien 1 8800 Sandnessjøen NO,NOK,0,P,580307,1,748,748,748,"1,973",0,1,1834,95,55,0,0,0,1834
15851,VINK NORWAY AS,2215398,5/21/2025,,VINK NORWAY AS,Bjørnerudveien 8 1266 OSLO NO,NOFI Tromsø AS,Eidvegen 642 9105 Kvaløya NO,NOK,0,P,582700,1,"82,2",65,65,"0,274",0,1,787,95,24,0,0,0,787
15851,VINK NORWAY AS,2215399,5/21/2025,,VINK NORWAY AS,Bjørnerudveien 8 1266 OSLO NO,SALMATEKVerksted,Karivika 10 8140 INNDYR NO,NOK,0,P,580308,1,576,555,555,"1,92",0,1,3500,0,0,0,0,0,3500
15851,VINK NORWAY AS,2215587,5/22/2025,,VINK NORWAY AS,Bjørnerudveien 8 1266 OSLO NO,TYPONOR AS,SVARTFJELLVEIEN 8 9600 HAMMERFEST NO,NOK,0,P,581858,2,"465,9",344,344,"1,356",0,2,1908,95,57,0,0,0,1908
15851,VINK NORWAY AS,2215595,5/22/2025,,VINK NORWAY AS,Bjørnerudveien 8 1266 OSLO NO,ANDFJORD SALMON AS,KVALNESVEIEN 69 8485 DVERBERG NO,NOK,0,P,581859,1,"429,6",309,309,"1,432",0,1,1908,95,57,0,0,0,1908
15851,VINK NORWAY AS,2215976,5/22/2025,,VINK NORWAY AS,Bjørnerudveien 8 1266 OSLO NO,"Plast og Montasje AS,",SKIBOTSVEIEN 388 9143 SKIBOTN NO,NOK,0,P,581860,5,7190,7190,7190,"16,024",0,5,14394,95,432,0,0,0,14394
15851,VINK NORWAY AS,2215991,5/23/2025,,VINK NORWAY AS,Bjørnerudveien 8 1266 OSLO NO,POLARPLAST AS,GLOMFJORD INDUSTRIPARK 8160 GLOMFJORD NO,NOK,0,P,580309,3,"25,9",21,21,"0,056",0,3,551,95,17,0,0,0,551
15851,VINK NORWAY AS,2216065,5/23/2025,,VINK NORWAY AS,Bjørnerudveien 8 1266 OSLO NO,NOFI Tromsø AS,Eidvegen 642 9105 Kvaløya NO,NOK,0,P,582701,5,5660,5660,5660,"14,464",0,5,11552,95,347,0,0,0,11552
15851,VINK NORWAY AS,2216187,5/23/2025,,VINK NORWAY AS,Bjørnerudveien 8 1266 OSLO NO,HAPLAST AS,INDUSTRIVEIEN 6 9062 FURUFLATEN NO,NOK,0,P,581861,3,"2501,8",2365,2365,"4,858",0,3,7691,95,231,0,0,0,7691
15851,VINK NORWAY AS,2216244,5/23/2025,,VINK NORWAY AS,Bjørnerudveien 8 1266 OSLO NO,NOFI Tromsø AS,Eidvegen 642 9105 Kvaløya NO,NOK,0,P,582702,2,"55,6",55,55,"0,17",0,2,787,95,24,0,0,0,787
15851,VINK NORWAY AS,2216979,5/26/2025,,VINK NORWAY AS,Bjørnerudveien 8 1266 OSLO NO,PLAST OG MONTASJE AS,SKIBOTSVEIEN 388 9143 SKIBOTN NO,NOK,0,P,581862,2,"489,6",366,366,"1,632",0,2,1870,95,56,0,0,0,1870
15851,VINK NORWAY AS,2216980,5/26/2025,,VINK NORWAY AS,Bjørnerudveien 8 1266 OSLO NO,POLARPLAST AS,GLOMFJORD INDUSTRIPARK 8160 GLOMFJORD NO,NOK,0,P,581863,2,720,705,705,"1,722",0,2,1834,95,55,0,0,0,1834
15851,VINK NORWAY AS,2217503,5/27/2025,,VINK NORWAY AS,Bjørnerudveien 8 1266 OSLO NO,Båt og Motor AS,HAVNEVEIEN 30-32 9610 RYPEFJORD NO,NOK,0,P,581864,1,"177,3",130,130,"0,591",0,1,992,95,30,0,0,0,992
15851,VINK NORWAY AS,2218356,5/28/2025,,VINK NORWAY AS,Bjørnerudveien 8 1266 OSLO NO,NOFI Tromsø AS,Eidvegen 642 9105 Kvaløya NO,NOK,0,P,582703,5,5288,5288,5288,"9,58",0,5,10793,95,324,0,0,0,10793
15851,VINK NORWAY AS,2219031,5/30/2025,,VINK NORWAY AS,Bjørnerudveien 8 1266 OSLO NO,Troll Systems,Burøyveien 12A 8012 Bodø NO,NOK,0,P,581865,1,192,96,96,"0,64",0,1,803,95,24,0,0,0,803
15851,VINK NORWAY AS,2219032,5/30/2025,,VINK NORWAY AS,Bjørnerudveien 8 1266 OSLO NO,POLARPLAST AS,GLOMVEIEN 8160 GLOMFJORD NO,NOK,0,P,581866,1,138,116,116,"0,46",0,1,883,95,26,0,0,0,883
15851,VINK NORWAY AS,2219921,6/2/2025,,VINK NORWAY AS,Bjørnerudveien 8 1266 OSLO NO,Frydenbø Yards Øksfjord AS,FINNESVEIEN 30 9550 ØKSFJORD NO,NOK,0,P,583052,1,"108,6",85,85,"0,362",0,1,1406,95,42,0,0,0,1406
15851,VINK NORWAY AS,2220102,6/2/2025,,VINK NORWAY AS,Bjørnerudveien 8 1266 OSLO NO,AQ Solutions AS,Redvald knudtsons vei 5 8624 Mo I Rana NO,NOK,0,P,583053,2,"43,7",42,42,"0,114",0,2,484,95,15,0,0,0,484
15851,VINK NORWAY AS,2220103,6/2/2025,,VINK NORWAY AS,Bjørnerudveien 8 1266 OSLO NO,GRATANGEN MEK. INDUSTRI AS,HELLARBOGEN 9470 GRATANGEN NO,NOK,0,P,584221,1,2,2,2,"0,003",0,1,630,95,19,0,0,0,630
15851,VINK NORWAY AS,2220513,6/2/2025,,VINK NORWAY AS,Bjørnerudveien 8 1266 OSLO NO,aadde-as,Rustaveien 14 9325 Bardufoss NO,NOK,0,P,584737,2,"318,9",152,152,"1,063",0,2,1290,95,39,0,0,0,1290
15851,VINK NORWAY AS,2220764,6/3/2025,,VINK NORWAY AS,Bjørnerudveien 8 1266 OSLO NO,PLAMON AS,SKIBOTSVEIEN 388 9143 SKIBOTN NO,NOK,0,P,583208,2,"489,6",366,366,"1,632",0,2,1870,95,56,0,0,0,1870
15851,VINK NORWAY AS,2220765,6/3/2025,,VINK NORWAY AS,Bjørnerudveien 8 1266 OSLO NO,ANDFJORD SALMON AS,KVALNESVEIEN 69 8485 DVERBERG NO,NOK,0,P,585948,1,"15,9",10,10,"0,053",0,1,851,95,26,0,0,0,851
15851,VINK NORWAY AS,2221728,6/5/2025,,VINK NORWAY AS,Bjørnerudveien 8 1266 OSLO NO,Nærøysund Aquaservice AS,Marøystrandvegen 29 7900 Rørvik NO,NOK,0,P,589605,1,357,357,357,"0,826",0,1,1644,95,66,0,0,0,1644
15851,VINK NORWAY AS,2221729,6/4/2025,,VINK NORWAY AS,Bjørnerudveien 8 1266 OSLO NO,POLARPLAST AS,GLOMFJORD INDUSTRIPARK 8160 GLOMFJORD NO,NOK,0,P,583208,4,"2428,1",2366,2366,"5,358",0,4,9500,95,0,0,0,0,9500
15851,VINK NORWAY AS,2221803,6/5/2025,,VINK NORWAY AS,Bjørnerudveien 8 1266 OSLO NO,HAPLAST AS,INDUSTRIVEIEN 6 9062 FURUFLATEN NO,NOK,0,P,583677,4,"3187,6",2842,2842,"6,451",0,4,7716,95,231,0,0,0,7716
15851,VINK NORWAY AS,2222045,6/16/2025,,VINK NORWAY AS,Bjørnerudveien 8 1266 OSLO NO,POLARPLAST AS,GLOMFJORD INDUSTRIPARK 8160 GLOMFJORD NO,NOK,0,P,584221,1,733,733,733,"1,24",0,1,1834,95,55,0,0,0,1834
15851,VINK NORWAY AS,2222046,6/5/2025,,VINK NORWAY AS,Bjørnerudveien 8 1266 OSLO NO,QUIPD AS - TROMSØ,Ringveien 97B 9018 Tromsø NO,NOK,0,P,585948,1,"25,8",13,13,"0,086",0,1,646,95,19,0,0,0,646
15851,VINK NORWAY AS,2222335,6/5/2025,,VINK NORWAY AS,Bjørnerudveien 8 1266 OSLO NO,Alta Mek. Verksted,Aronnesvei 46 9514 Alta NO,NOK,0,P,585948,3,196,196,196,"0,592",0,3,964,95,29,0,0,0,964
15851,VINK NORWAY AS,2222648,6/6/2025,,VINK NORWAY AS,Bjørnerudveien 8 1266 OSLO NO,POLARPLAST AS,GLOMFJORD INDUSTRIPARK 8160 GLOMFJORD NO,NOK,0,P,583208,4,5000,5000,5000,"8,64",0,4,12758,95,383,0,0,0,12758
15851,VINK NORWAY AS,2223396,6/10/2025,,VINK NORWAY AS,Bjørnerudveien 8 1266 OSLO NO,NOFI Tromsø AS,Eidvegen 642 9105 Kvaløya NO,NOK,0,P,587046,3,"2974,3",2954,2954,"7,13",0,3,6071,95,182,0,0,0,6071
15851,VINK NORWAY AS,2223490,6/10/2025,,VINK NORWAY AS,Bjørnerudveien 8 1266 OSLO NO,AKVA GROUP LAND BASED NORWAY AS,Møssaveien 13 8920 Sømna NO,NOK,0,P,583208,16,15491,15491,15491,"31,235",0,16,20541,95,616,0,0,0,20541
15851,VINK NORWAY AS,2223643,6/18/2025,,VINK NORWAY AS,Bjørnerudveien 8 1266 OSLO NO,Brukstomta Næringspark AS,Sørfjordveien 5 7980 Terråk NO,NOK,0,P,9999999999,1,"308,7",147,147,"1,029",0,1,0,0,0,0,0,0,0
15851,VINK NORWAY AS,2224040,6/11/2025,,VINK NORWAY AS,Bjørnerudveien 8 1266 OSLO NO,Gigante Salmon Rødøy,c/o Rødøy skipsekspedisjon 8193 Rødøy NO,NOK,0,P,583208,2,1905,1905,1905,"3,722",0,2,9200,0,0,0,0,0,9200
15851,VINK NORWAY AS,2224198,6/11/2025,,VINK NORWAY AS,Bjørnerudveien 8 1266 OSLO NO,Industrivarer AS,KLINGAVEGEN 1 7800 NAMSOS NO,NOK,0,P,589605,1,"9,6","9,6","9,6","0,016",0,1,500,95,0,0,0,0,500
15851,VINK NORWAY AS,2224256,6/11/2025,,VINK NORWAY AS,Bjørnerudveien 8 1266 OSLO NO,NORSEAQUA AS,Sørfjordveien 5 7980 Terråk NO,NOK,0,P,588927,4,1068,1068,1068,"1,867",0,4,7214,95,177,2800,0,0,4414
15851,VINK NORWAY AS,2224993,6/12/2025,,VINK NORWAY AS,Bjørnerudveien 8 1266 OSLO NO,MELBU SYSTEMS AS,SMINESGATA 3 8445 MELBU NO,NOK,0,P,585948,2,"2661,9",2650,2650,"7,597",0,2,4871,95,146,0,0,0,4871
15851,VINK NORWAY AS,2224998,6/12/2025,,VINK NORWAY AS,Bjørnerudveien 8 1266 OSLO NO,POLARPLAST AS,GLOMFJORD INDUSTRIPARK 8160 GLOMFJORD NO,NOK,0,P,583208,1,58,58,58,"0,154",0,1,883,95,26,0,0,0,883
15851,VINK NORWAY AS,2225485,6/13/2025,,VINK NORWAY AS,Bjørnerudveien 8 1266 OSLO NO,NOFI Tromsø AS,Eidvegen 642 9105 Kvaløya NO,NOK,0,P,585948,2,1810,1810,1810,"3,68",0,2,14976,95,449,0,0,0,14976
15851,VINK NORWAY AS,2225668,6/13/2025,,VINK NORWAY AS,Bjørnerudveien 8 1266 OSLO NO,Prolink International AS,SIKTERIGATA 9 8622 MO I RANA NO,NOK,0,P,583208,1,19,19,19,"0,003",0,1,484,95,15,0,0,0,484
15851,VINK NORWAY AS,2225847,6/17/2025,,VINK NORWAY AS,Bjørnerudveien 8 1266 OSLO NO,NOFI Tromsø AS,Eidvegen 642 9105 Kvaløya NO,NOK,0,P,587046,2,1523,1523,1523,"2,273",0,2,3631,95,109,0,0,0,3631
15851,VINK NORWAY AS,2225848,6/13/2025,,VINK NORWAY AS,Bjørnerudveien 8 1266 OSLO NO,INDUFORM AS,Ravnsgt. 6A 7600 Levanger NO,NOK,0,P,590652,10,6370,6370,6370,"10,71",0,10,6542,95,262,0,0,0,6542
15851,VINK NORWAY AS,2226435,6/16/2025,,VINK NORWAY AS,Bjørnerudveien 8 1266 OSLO NO,POLARPLAST AS,Øya 49 GMC 8140 Inndyr NO,NOK,0,P,584221,2,488,488,488,"0,141",0,2,1834,95,55,0,0,0,1834
15851,VINK NORWAY AS,2226485,6/16/2025,,VINK NORWAY AS,Bjørnerudveien 8 1266 OSLO NO,MELBU SYSTEMS AS,SMINESGATA 3 8445 MELBU NO,NOK,0,P,585948,3,2278,2278,2278,"3,893",0,3,4212,95,126,0,0,0,4212
15851,VINK NORWAY AS,2226486,6/16/2025,,VINK NORWAY AS,Bjørnerudveien 8 1266 OSLO NO,POLARPLAST AS,GLOMFJORD INDUSTRIPARK 8160 GLOMFJORD NO,NOK,0,P,584221,1,"16,8",5,5,"0,056",0,1,551,95,17,0,0,0,551
15851,VINK NORWAY AS,2226729,6/16/2025,,VINK NORWAY AS,Bjørnerudveien 8 1266 OSLO NO,Grafix AS,ARONNESVEIEN 55 9514 ALTA NO,NOK,0,P,587046,1,129,129,129,"0,059",0,1,964,95,29,0,0,0,964
15851,VINK NORWAY AS,2226730,6/16/2025,,VINK NORWAY AS,Bjørnerudveien 8 1266 OSLO NO,Havida - Lager i Brønnøysund,Gårdsøyveien 19 8907 BRØNNØYSUND NO,NOK,0,P,585948,2,1028,1028,1028,"2,139",0,2,2357,95,71,0,0,0,2357
15851,VINK NORWAY AS,2227015,6/17/2025,,VINK NORWAY AS,Bjørnerudveien 8 1266 OSLO NO,K. Nordahls Trykkeri AS,Rådhusgt. 2 8400 Sortland NO,NOK,0,P,585948,1,170,170,170,"0,144",0,1,883,95,26,0,0,0,883
15851,VINK NORWAY AS,2228070,6/18/2025,,VINK NORWAY AS,Bjørnerudveien 8 1266 OSLO NO,NOFI Tromsø AS,Eidvegen 642 9105 Kvaløya NO,NOK,0,P,587046,4,9132,9132,9132,"21,96",0,4,14657,95,440,0,0,0,14657
15851,VINK NORWAY AS,2228337,6/18/2025,,VINK NORWAY AS,Bjørnerudveien 8 1266 OSLO NO,HAPLAST AS,INDUSTRIVEIEN 6 9062 FURUFLATEN NO,NOK,0,P,587046,1,1420,1420,1420,"2,558",0,1,4365,95,131,0,0,0,4365
15851,VINK NORWAY AS,2228619,6/19/2025,,VINK NORWAY AS,Bjørnerudveien 8 1266 OSLO NO,NOFI Tromsø AS,Eidvegen 642 9105 Kvaløya NO,NOK,0,P,587046,2,"489,6",360,360,"1,632",0,2,1908,95,57,0,0,0,1908
15851,VINK NORWAY AS,2228865,6/19/2025,,VINK NORWAY AS,Bjørnerudveien 8 1266 OSLO NO,REK-MONT AS,SKOLEVEIEN 14 9407 HARSTAD NO,NOK,0,P,585948,1,517,517,517,"0,098",0,1,1614,95,48,0,0,0,1614
15851,VINK NORWAY AS,2228866,6/19/2025,,VINK NORWAY AS,Bjørnerudveien 8 1266 OSLO NO,NORSEAQUA AS,Sørfjordveien 5 7980 Terråk NO,NOK,0,P,588927,1,9,9,9,"0,015",0,1,1800,95,0,800,0,0,1000
15851,VINK NORWAY AS,2228932,6/20/2025,,VINK NORWAY AS,Bjørnerudveien 8 1266 OSLO NO,Induform,Ravnsgt. 6A 7600 Levanger NO,NOK,0,P,590652,1,465,465,465,"1,281",0,1,1367,95,55,0,0,0,1367
15851,VINK NORWAY AS,2228933,6/20/2025,,VINK NORWAY AS,Bjørnerudveien 8 1266 OSLO NO,Havida - Lager i Brønnøysund,Gårdsøyveien 19 8907 BRØNNØYSUND NO,NOK,0,P,585948,7,2487,2487,2487,"0,672",0,7,3832,95,115,0,0,0,3832
15851,VINK NORWAY AS,2228962,6/20/2025,,VINK NORWAY AS,Bjørnerudveien 8 1266 OSLO NO,POLARPLAST AS,GLOMFJORD INDUSTRIPARK 8160 GLOMFJORD NO,NOK,0,P,585948,4,4108,4108,4108,"8,078",0,4,11871,95,356,0,0,0,11871
15851,VINK NORWAY AS,2229768,6/23/2025,,VINK NORWAY AS,Bjørnerudveien 8 1266 OSLO NO,HAMCO BYGG,"SULTINDVIKVEIEN 15, FF261 9302 ROSSFJORDSTRAUMEN NO",NOK,0,P,587046,10,8364,8364,8364,"11,222",0,10,13424,95,403,0,0,0,13424
15851,VINK NORWAY AS,2230007,6/23/2025,,VINK NORWAY AS,Bjørnerudveien 8 1266 OSLO NO,NORSEAQUA AS,Sørfjordveien 5 7980 Terråk NO,NOK,0,P,588927,1,9,9,9,"0,002",0,1,1650,95,0,650,0,0,1000
15851,VINK NORWAY AS,2231229,6/25/2025,,VINK NORWAY AS,Bjørnerudveien 8 1266 OSLO NO,POLARPLAST AS,GLOMFJORD INDUSTRIPARK 8160 GLOMFJORD NO,NOK,0,P,587046,6,5200,5200,5200,"8,709",0,6,9214,95,276,0,0,0,9214
15851,VINK NORWAY AS,2231232,6/25/2025,,VINK NORWAY AS,Bjørnerudveien 8 1266 OSLO NO,Bodin Videregående Skole,Mørkvedtråkket 2 8020 Bodø NO,NOK,0,P,585948,1,276,53,53,"0,92",0,1,1066,95,32,0,0,0,1066
15851,VINK NORWAY AS,2232386,6/27/2025,,VINK NORWAY AS,Bjørnerudveien 8 1266 OSLO NO,Neumann Bygg AS - Tromsø,Stakkevollveien 15 9010 Tromsø NO,NOK,0,P,587046,1,"175,2",127,127,"0,584",0,1,883,95,26,0,0,0,883
15851,VINK NORWAY AS,2232387,6/27/2025,,VINK NORWAY AS,Bjørnerudveien 8 1266 OSLO NO,NORSEAQUA AS,Sørfjordveien 5 7980 Terråk NO,NOK,0,P,590652,1,82,82,82,"0,154",0,1,900,0,0,0,0,0,900
15851,VINK NORWAY AS,2232388,6/26/2025,,VINK NORWAY AS,Bjørnerudveien 8 1266 OSLO NO,Aqua Pumpeteknikk as,Vikaveien 45 8445 Melbu NO,NOK,0,P,588927,1,"128,1",92,92,"0,427",0,1,883,95,35,0,0,0,883
15851,VINK NORWAY AS,2232389,6/27/2025,,VINK NORWAY AS,Bjørnerudveien 8 1266 OSLO NO,SIGNAL AS,Sivert Nilsens gate 48 8300 Svolvær NO,NOK,0,P,585948,1,644,644,644,"1,588",0,1,1908,95,57,0,0,0,1908
15851,VINK NORWAY AS,2234020,7/1/2025,,VINK NORWAY AS,Bjørnerudveien 8 1266 OSLO NO,AQ Solutions AS,Redvald knudtsons vei 5 8624 Mo I Rana NO,NOK,0,P,589605,2,165,158,158,"0,55",0,2,823,95,33,0,0,0,823
15851,VINK NORWAY AS,2234688,7/3/2025,,VINK NORWAY AS,Bjørnerudveien 8 1266 OSLO NO,"Rimo Reklame AS, Skiltgruppen",FRYDENLUNDGATA 27 8517 NARVIK NO,NOK,0,P,589605,1,281,281,281,"0,494",0,1,1292,95,52,0,0,0,1292
15851,VINK NORWAY AS,2234689,7/2/2025,,VINK NORWAY AS,Bjørnerudveien 8 1266 OSLO NO,JOMAR AS,Alexandra Sverdups veg 2 7940 Ottersøy NO,NOK,0,P,590652,1,"351,6",311,311,"1,172",0,1,4048,0,0,0,0,4048,0
15851,VINK NORWAY AS,2234696,7/3/2025,,VINK NORWAY AS,Bjørnerudveien 8 1266 OSLO NO,SALSNES FILTER AS,Salvassvegen 1304 7817 Salsnes NO,NOK,0,P,588927,1,"229,2",173,173,"0,764",0,1,2054,95,82,0,0,2054,0
15851,VINK NORWAY AS,2236617,7/7/2025,,VINK NORWAY AS,Bjørnerudveien 8 1266 OSLO NO,TYPONOR AS,SVARTFJELLVEIEN 8 9600 HAMMERFEST NO,NOK,0,P,589605,2,"577,9",490,490,"1,794",0,2,1834,95,73,0,0,0,1834
15851,VINK NORWAY AS,2237140,7/8/2025,,VINK NORWAY AS,Bjørnerudveien 8 1266 OSLO NO,NOFI Tromsø AS,Eidvegen 642 9105 Kvaløya NO,NOK,0,P,589605,6,6040,6040,6040,"11,303",0,6,12328,95,493,0,0,0,12328
15851,VINK NORWAY AS,2237517,7/9/2025,,VINK NORWAY AS,Bjørnerudveien 8 1266 OSLO NO,HAPLAST AS,INDUSTRIVEIEN 6 9062 FURUFLATEN NO,NOK,0,P,588927,7,"5217,5",5169,5169,"9,093",0,7,12633,95,505,0,0,0,12633
15851,VINK NORWAY AS,2237518,7/9/2025,,VINK NORWAY AS,Bjørnerudveien 8 1266 OSLO NO,HELGELAND MARINASYSTEMER AS,MIDTREGATE 13 8624 MO I RANA NO,NOK,0,P,589605,3,1710,1710,1710,"3,024",0,3,2893,95,116,0,0,0,2893
15851,VINK NORWAY AS,2237567,7/9/2025,,VINK NORWAY AS,Bjørnerudveien 8 1266 OSLO NO,INDUFORM AS,Ravnsgt. 6A 7600 Levanger NO,NOK,0,P,589605,6,"3524,7",3495,3495,"6,117",0,6,5546,95,222,0,0,5546,0
15851,VINK NORWAY AS,2238078,7/10/2025,,VINK NORWAY AS,Bjørnerudveien 8 1266 OSLO NO,FRODE UTSI AS,GRENVEIEN 18 9845 TANA NO,NOK,0,P,589605,2,"915,4",910,910,"1,94",0,2,2567,95,103,0,0,0,2567
15851,VINK NORWAY AS,2240200,7/15/2025,,VINK NORWAY AS,Bjørnerudveien 8 1266 OSLO NO,NOFI Tromsø AS,Eidvegen 642 9105 Kvaløya NO,NOK,0,P,589605,1,1232,1232,1232,"2,988",0,1,2937,95,117,0,0,0,2937
15851,VINK NORWAY AS,2240201,7/15/2025,,VINK NORWAY AS,Bjørnerudveien 8 1266 OSLO NO,AQ Solutions AS,Redvald knudtsons vei 5 8624 Mo I Rana NO,NOK,0,P,589605,1,96,88,88,"0,32",0,1,646,95,26,0,0,0,646
15851,VINK NORWAY AS,2240705,7/17/2025,,VINK NORWAY AS,Bjørnerudveien 8 1266 OSLO NO,NOFI Tromsø AS,Eidvegen 642 9105 Kvaløya NO,NOK,0,P,589605,2,1526,1526,1526,"3,703",0,2,3638,95,146,0,0,0,3638
15851,VINK NORWAY AS,2241875,7/18/2025,,VINK NORWAY AS,Bjørnerudveien 8 1266 OSLO NO,HAPLAST AS,INDUSTRIVEIEN 6 9062 FURUFLATEN NO,NOK,0,P,591490,2,"1128,5",1081,1081,"1,88",0,2,3471,95,139,0,0,0,3471
15851,VINK NORWAY AS,2242422,7/22/2025,,VINK NORWAY AS,Bjørnerudveien 8 1266 OSLO NO,NORDMEK AS,Jennskarveien 40 8475 Straumsjøen NO,NOK,0,P,590652,1,90,76,76,"0,3",0,1,1189,95,48,0,0,0,1189
15851,VINK NORWAY AS,2242476,7/22/2025,,VINK NORWAY AS,Bjørnerudveien 8 1266 OSLO NO,POLARPLAST AS,GLOMFJORD INDUSTRIPARK 8160 GLOMFJORD NO,NOK,0,P,590652,1,"5,1","2,5","2,5","0,017",0,1,551,95,22,0,0,0,551
15851,VINK NORWAY AS,2242600,7/22/2025,,VINK NORWAY AS,Bjørnerudveien 8 1266 OSLO NO,TYPONOR AS,SVARTFJELLVEIEN 8 9600 HAMMERFEST NO,NOK,0,,592698,0,0,0,0,0,0,0,2912,95,62,1350,0,0,1562
15851,VINK NORWAY AS,2242600,7/22/2025,,VINK NORWAY AS,Bjørnerudveien 8 1266 OSLO NO,TYPONOR AS,SVARTFJELLVEIEN 8 9600 HAMMERFEST NO,NOK,0,,595624,0,0,0,0,0,0,0,2912,95,62,1350,0,0,1562
15851,VINK NORWAY AS,2242600,7/22/2025,,VINK NORWAY AS,Bjørnerudveien 8 1266 OSLO NO,TYPONOR AS,SVARTFJELLVEIEN 8 9600 HAMMERFEST NO,NOK,0,P,591490,1,304,304,304,"0,881",0,1,2912,95,62,1350,0,0,1562
15851,VINK NORWAY AS,2242771,7/23/2025,,VINK NORWAY AS,Bjørnerudveien 8 1266 OSLO NO,POLARPLAST AS,GLOMFJORD INDUSTRIPARK 8160 GLOMFJORD NO,NOK,0,P,590652,1,"15,9","15,5","15,5","0,053",0,1,551,95,22,0,0,0,551
15851,VINK NORWAY AS,2244539,7/28/2025,,VINK NORWAY AS,Bjørnerudveien 8 1266 OSLO NO,Troll Systems,Burøyveien 12A 8012 Bodø NO,NOK,0,P,591490,4,"1512,9",901,901,"5,043",0,4,2639,95,106,0,0,0,2639
15851,VINK NORWAY AS,2244606,7/28/2025,,VINK NORWAY AS,Bjørnerudveien 8 1266 OSLO NO,A.Berg AS,STORGATA 87 8370 LEKNES NO,NOK,0,P,592348,2,885,885,885,"1,494",0,2,1805,95,90,0,0,0,1805
15851,VINK NORWAY AS,2244936,7/29/2025,,VINK NORWAY AS,Bjørnerudveien 8 1266 OSLO NO,LATECH AS,Moskenes 8392 Sørvågen NO,NOK,0,P,592348,2,931,931,931,"2,323",0,2,11514,95,576,0,0,0,11514
15851,VINK NORWAY AS,2244938,7/29/2025,,VINK NORWAY AS,Bjørnerudveien 8 1266 OSLO NO,TYPONOR AS,SVARTFJELLVEIEN 8 9600 HAMMERFEST NO,NOK,0,P,591490,1,84,53,53,"0,28",0,1,812,95,41,0,0,0,812
15851,VINK NORWAY AS,2245009,7/29/2025,,VINK NORWAY AS,Bjørnerudveien 8 1266 OSLO NO,POLARPLAST AS,GLOMFJORD INDUSTRIPARK 8160 GLOMFJORD NO,NOK,0,P,591490,4,"2080,3",2049,2049,"4,029",0,4,7500,95,300,0,0,0,7500
15851,VINK NORWAY AS,2245390,7/29/2025,,VINK NORWAY AS,Bjørnerudveien 8 1266 OSLO NO,Hurtigtrykk Alta,Aronnesveien 40 B 9514 Alta NO,NOK,0,P,591490,2,"691,5",674,674,"1,479",0,2,1834,95,92,0,0,0,1834
15851,VINK NORWAY AS,2245763,7/30/2025,,VINK NORWAY AS,Bjørnerudveien 8 1266 OSLO NO,HAPLAST AS,INDUSTRIVEIEN 6 9062 FURUFLATEN NO,NOK,0,P,591490,1,384,384,384,"1,1",0,1,2117,95,106,0,0,0,2117
15851,VINK NORWAY AS,2246070,7/31/2025,,VINK NORWAY AS,Bjørnerudveien 8 1266 OSLO NO,NOFI Tromsø AS,Eidvegen 642 9105 Kvaløya NO,NOK,0,P,591490,3,"2152,1",2102,2102,"4,427",0,3,5131,95,205,0,0,0,5131
15851,VINK NORWAY AS,2247838,8/5/2025,,VINK NORWAY AS,Bjørnerudveien 8 1266 OSLO NO,Brukstomta Næringspark AS,Sørfjordveien 5 7980 Terråk NO,NOK,0,P,595623,1,"308,7",146,146,"1,029",0,1,4988,95,249,0,0,0,4988
15851,VINK NORWAY AS,2247890,8/5/2025,,VINK NORWAY AS,Bjørnerudveien 8 1266 OSLO NO,Nærøysund Aquaservice AS,Marøystrandvegen 29 7900 Rørvik NO,NOK,0,P,592698,2,"17,4","14,5","14,5","0,044",0,2,551,95,28,0,0,0,551
15851,VINK NORWAY AS,2248340,8/5/2025,,VINK NORWAY AS,Bjørnerudveien 8 1266 OSLO NO,GULLFESKEN AS, 9373 BOTNHAMN NO,NOK,0,P,595623,1,391,391,391,"0,9",0,1,7488,95,374,0,0,7488,0
15851,VINK NORWAY AS,2248401,8/6/2025,,VINK NORWAY AS,Bjørnerudveien 8 1266 OSLO NO,MELBU SYSTEMS AS,SMINESGATA 3 8445 MELBU NO,NOK,0,P,595623,1,2091,2091,2091,"5,694",0,1,4412,95,221,0,0,0,4412
15851,VINK NORWAY AS,2248958,8/7/2025,,VINK NORWAY AS,Bjørnerudveien 8 1266 OSLO NO,E.A.Smith AS avd. Byggern Trebygg,Verftsgata 24 8300 Svolvær NO,NOK,0,P,595623,1,"120,9",40,40,"0,403",0,1,964,95,48,0,0,0,964
15851,VINK NORWAY AS,2248959,8/7/2025,,VINK NORWAY AS,Bjørnerudveien 8 1266 OSLO NO,TESS Hitra,Hamneveien 15 7246 Sandstad NO,NOK,0,P,592698,1,"161,4",100,100,"0,538",0,1,1430,95,72,0,0,0,1430
15851,VINK NORWAY AS,2248960,8/7/2025,,VINK NORWAY AS,Bjørnerudveien 8 1266 OSLO NO,SALSNES FILTER AS,Salvassvegen 1304 7817 Salsnes NO,NOK,0,P,595623,2,279,279,279,"0,595",0,2,1152,95,58,0,0,0,1152
15851,VINK NORWAY AS,2249036,8/7/2025,,VINK NORWAY AS,Bjørnerudveien 8 1266 OSLO NO,POLARPLAST AS,GLOMFJORD INDUSTRIPARK 8160 GLOMFJORD NO,NOK,0,P,592698,2,"33,1",33,33,"0,074",0,2,551,95,28,0,0,0,551
15851,VINK NORWAY AS,2249097,8/7/2025,,VINK NORWAY AS,Bjørnerudveien 8 1266 OSLO NO,GUNVALD JOHANSEN BYGG AS,Via Kjell Ivar Olsen 8004 BODØ NO,NOK,0,P,592698,1,56,56,56,"0,173",0,1,630,95,32,0,0,0,630
15851,VINK NORWAY AS,2249827,8/8/2025,,VINK NORWAY AS,Bjørnerudveien 8 1266 OSLO NO,HELGELAND MARINASYSTEMER AS,MIDTREGATE 13 8624 MO I RANA NO,NOK,0,P,593507,1,130,130,130,"0,326",0,1,823,95,41,0,0,0,823
15851,VINK NORWAY AS,2250425,8/11/2025,,VINK NORWAY AS,Bjørnerudveien 8 1266 OSLO NO,MOMEK SERVICES AS,VILLAVEIEN 3 8445 MELBU NO,NOK,0,P,596899,1,72,46,46,"0,24",0,1,1689,95,84,0,0,0,1689
15851,VINK NORWAY AS,2250545,8/11/2025,,VINK NORWAY AS,Bjørnerudveien 8 1266 OSLO NO,MELBU SYSTEMS AS,SMINESGATA 3 8445 MELBU NO,NOK,0,P,596899,3,3035,3035,3035,"5,432",0,3,10615,95,531,0,0,0,10615
15851,VINK NORWAY AS,2251706,8/13/2025,,VINK NORWAY AS,Bjørnerudveien 8 1266 OSLO NO,GLASSPROFFEN AS,Jordbruksveien 46 8008 Bodø NO,NOK,0,P,593963,1,1200,1200,1200,"2,209",0,1,7500,95,375,0,0,0,7500
15851,VINK NORWAY AS,2251707,8/13/2025,,VINK NORWAY AS,Bjørnerudveien 8 1266 OSLO NO,NOFI Tromsø AS,stakkevollveien 51 9010 Tromsø NO,NOK,0,P,595623,3,"725,7",546,546,"2,419",0,3,3826,95,191,0,0,0,3826
15851,VINK NORWAY AS,2251708,8/13/2025,,VINK NORWAY AS,Bjørnerudveien 8 1266 OSLO NO,NORSEAQUA AS,Sørfjordveien 5 7980 Terråk NO,NOK,0,P,595623,2,1243,1212,1212,"2,665",0,2,4664,95,233,0,0,4664,0
15851,VINK NORWAY AS,2251709,8/13/2025,,VINK NORWAY AS,Bjørnerudveien 8 1266 OSLO NO,NOFI Tromsø AS,Eidvegen 642 9105 Kvaløya NO,NOK,0,P,595623,1,1372,1372,1372,"1,98",0,1,7655,95,383,0,0,0,7655
15851,VINK NORWAY AS,2251978,8/13/2025,,VINK NORWAY AS,Bjørnerudveien 8 1266 OSLO NO,NORSEAQUA AS,Sørfjordveien 5 7980 Terråk NO,NOK,0,P,595623,1,480,480,480,"1,003",0,1,4739,95,237,0,0,4739,0
15851,VINK NORWAY AS,2252308,8/14/2025,,VINK NORWAY AS,Bjørnerudveien 8 1266 OSLO NO,SALSNES FILTER AS,Salvassvegen 1304 7817 Salsnes NO,NOK,0,P,595623,1,"7,2",6,6,"0,024",0,1,472,95,24,0,0,0,472
15851,VINK NORWAY AS,2252820,8/14/2025,,VINK NORWAY AS,Bjørnerudveien 8 1266 OSLO NO,POLARPLAST AS,GLOMFJORD INDUSTRIPARK 8160 GLOMFJORD NO,NOK,0,P,593963,2,690,483,483,"2,3",0,2,1834,95,92,0,0,0,1834
15851,VINK NORWAY AS,2252821,8/14/2025,,VINK NORWAY AS,Bjørnerudveien 8 1266 OSLO NO,TRYKKMANN PROFIL,Rådmann Ribsskogs vei 10 8450 Stokmarknes NO,NOK,0,P,595623,1,655,655,655,"1,188",0,1,1687,95,84,0,0,0,1687
15851,VINK NORWAY AS,2252965,8/15/2025,,VINK NORWAY AS,Bjørnerudveien 8 1266 OSLO NO,Havida AS,INDUSTRIVEIEN 30 8907 BRØNNØYSUND NO,NOK,0,P,593963,1,442,442,442,"1,054",0,1,1834,95,92,0,0,0,1834
15851,VINK NORWAY AS,2253682,8/18/2025,,VINK NORWAY AS,Bjørnerudveien 8 1266 OSLO NO,COUNO,Poppelveien 10 8209 FAUSKE NO,NOK,0,P,594777,3,"489,6",467,467,"0,875",0,3,2044,95,102,650,0,0,1394
15851,VINK NORWAY AS,2253794,8/18/2025,,VINK NORWAY AS,Bjørnerudveien 8 1266 OSLO NO,HAPLAST AS,INDUSTRIVEIEN 6 9062 FURUFLATEN NO,NOK,0,P,596958,1,1560,1560,1560,"2,364",0,1,4795,95,192,0,0,0,4795
15851,VINK NORWAY AS,2254483,8/19/2025,,VINK NORWAY AS,Bjørnerudveien 8 1266 OSLO NO,Robertsens Sjøservice AS,Skagveien 26 9950 Vardø NO,NOK,0,P,595906,1,"404,1",347,347,"1,347",0,1,6997,95,350,0,0,0,6997
15851,VINK NORWAY AS,2255565,8/20/2025,,VINK NORWAY AS,Bjørnerudveien 8 1266 OSLO NO,NOVASEA AS,NAUSTHOLMEN 8764 LOVUND NO,NOK,0,P,595623,1,120,120,120,"0,269",0,1,2600,95,0,0,0,0,2600
15851,VINK NORWAY AS,2255622,8/21/2025,,VINK NORWAY AS,Bjørnerudveien 8 1266 OSLO NO,POLARPLAST AS,GLOMFJORD INDUSTRIPARK 8160 GLOMFJORD NO,NOK,0,P,595623,1,"183,6",134,134,"0,612",0,1,883,95,44,0,0,0,883
15851,VINK NORWAY AS,2255692,8/21/2025,,VINK NORWAY AS,Bjørnerudveien 8 1266 OSLO NO,Lofoten Industri AS avd. Flyt,Vorsetøyveien 18 8300 Svolvær NO,NOK,0,P,597104,1,633,633,633,"1,521",0,1,10318,95,0,0,0,0,10318
15851,VINK NORWAY AS,2255910,8/21/2025,,VINK NORWAY AS,Bjørnerudveien 8 1266 OSLO NO,UNI-FORM AS,INDUSTRIVEIEN 7 8208 FAUSKE NO,NOK,0,P,595623,1,417,417,417,"0,688",0,1,1834,95,92,0,0,0,1834
15851,VINK NORWAY AS,2257195,8/25/2025,,VINK NORWAY AS,Bjørnerudveien 8 1266 OSLO NO,JOMAR AS,Alexandra Sverdups veg 2 7940 Ottersøy NO,NOK,0,P,596899,1,"371,1",257,257,"1,237",0,1,6734,95,269,0,0,6734,0
15851,VINK NORWAY AS,2257214,4/29/2025,,VINK NORWAY AS,Bjørnerudveien 8 1266 OSLO NO,NORSEAQUA AS,Sørfjordveien 5 7980 Terråk NO,NOK,0,P,594778,−2,"−435,5",−414,−414,"−0,885",0,−2,−3179,−95,−10,−1750,0,0,−1429
15851,VINK NORWAY AS,2257215,4/29/2025,,VINK NORWAY AS,Bjørnerudveien 8 1266 OSLO NO,NORSEAQUA AS,Sørfjordveien 5 7980 Terråk NO,NOK,0,P,594777,2,"435,5",414,414,"0,885",0,2,1429,95,10,0,0,0,1429
15851,VINK NORWAY AS,2257216,8/25/2025,,VINK NORWAY AS,Bjørnerudveien 8 1266 OSLO NO,Scale Aquaculture AS - Lager Ballangen,Sentrumsveien 39 8540 BALLANGEN NO,NOK,0,P,596423,2,"790,8",653,653,"1,986",0,2,1664,95,67,0,0,0,1664
15851,VINK NORWAY AS,2257634,8/26/2025,,VINK NORWAY AS,Bjørnerudveien 8 1266 OSLO NO,UNI-FORM AS,INDUSTRIVEIEN 7 8208 FAUSKE NO,NOK,0,P,595906,1,523,523,523,"0,719",0,1,1834,95,92,0,0,0,1834
15851,VINK NORWAY AS,2257661,8/26/2025,,VINK NORWAY AS,Bjørnerudveien 8 1266 OSLO NO,GRATANGEN MEK. INDUSTRI AS,HELLARBOGEN 9470 GRATANGEN NO,NOK,0,P,596899,1,46,46,46,"0,144",0,1,708,95,28,0,0,0,708
15851,VINK NORWAY AS,2258345,8/27/2025,,VINK NORWAY AS,Bjørnerudveien 8 1266 OSLO NO,PURE SALMON TECHNOLOGY AS,C/O GRIEG SEAFOOD FINNMARK AS 9742 KUNES NO,NOK,0,P,595906,1,477,477,477,"1,588",0,1,11915,95,596,0,0,0,11915
15851,VINK NORWAY AS,2258569,3/24/2025,,VINK NORWAY AS,Bjørnerudveien 8 1266 OSLO NO,NORSEAQUA AS,Sørfjordveien 5 7980 Terråk NO,NOK,0,P,595624,−4,"−1494,3",−1448,−1448,"−3,185",0,−4,−3004,−95,−180,0,0,0,−3004
15851,VINK NORWAY AS,2258570,3/24/2025,,VINK NORWAY AS,Bjørnerudveien 8 1266 OSLO NO,NORSEAQUA AS,Sørfjordveien 5 7980 Terråk NO,NOK,0,P,595372,4,"1494,3",1448,1448,"3,185",0,4,3004,95,180,0,0,0,3004
15851,VINK NORWAY AS,2258612,8/27/2025,,VINK NORWAY AS,Bjørnerudveien 8 1266 OSLO NO,CHILI HARSTAD AS,Tunneset 2 9407 HARSTAD NO,NOK,0,P,596958,1,"34,2",19,19,"0,114",0,1,551,95,28,0,0,0,551
15851,VINK NORWAY AS,2258957,8/28/2025,,VINK NORWAY AS,Bjørnerudveien 8 1266 OSLO NO,GULLFESKEN AS, 9373 BOTNHAMN NO,NOK,0,P,596400,1,1381,1381,1381,"2,351",0,1,3545,95,177,0,0,0,3545
15851,VINK NORWAY AS,2258961,8/28/2025,,VINK NORWAY AS,Bjørnerudveien 8 1266 OSLO NO,POLARPLAST AS,GLOMFJORD INDUSTRIPARK 8160 GLOMFJORD NO,NOK,0,P,596899,1,1200,1200,1200,"1,46",0,1,2752,95,110,0,0,0,2752
15851,VINK NORWAY AS,2258981,6/11/2025,,VINK NORWAY AS,Bjørnerudveien 8 1266 OSLO NO,NORSEAQUA AS,Sørfjordveien 5 7980 Terråk NO,NOK,0,P,595624,−4,−1068,−1068,−1068,"−1,867",0,−4,−7214,−95,−177,−2800,0,0,−4414
15851,VINK NORWAY AS,2258982,6/11/2025,,VINK NORWAY AS,Bjørnerudveien 8 1266 OSLO NO,NORSEAQUA AS,Sørfjordveien 5 7980 Terråk NO,NOK,0,P,595623,4,1068,1068,1068,"1,867",0,4,4414,95,177,0,0,0,4414
15851,VINK NORWAY AS,2258983,6/19/2025,,VINK NORWAY AS,Bjørnerudveien 8 1266 OSLO NO,NORSEAQUA AS,Sørfjordveien 5 7980 Terråk NO,NOK,0,P,595624,−1,−9,−9,−9,"−0,015",0,−1,−1800,−95,0,−800,0,0,−1000
15851,VINK NORWAY AS,2258984,6/19/2025,,VINK NORWAY AS,Bjørnerudveien 8 1266 OSLO NO,NORSEAQUA AS,Sørfjordveien 5 7980 Terråk NO,NOK,0,P,595623,1,9,9,9,"0,015",0,1,550,95,28,0,0,0,550
15851,VINK NORWAY AS,2258985,6/23/2025,,VINK NORWAY AS,Bjørnerudveien 8 1266 OSLO NO,NORSEAQUA AS,Sørfjordveien 5 7980 Terråk NO,NOK,0,P,595624,−1,−9,−9,−9,"−0,002",0,−1,−1650,−95,0,−650,0,0,−1000
15851,VINK NORWAY AS,2258986,6/23/2025,,VINK NORWAY AS,Bjørnerudveien 8 1266 OSLO NO,NORSEAQUA AS,Sørfjordveien 5 7980 Terråk NO,NOK,0,P,595623,1,9,9,9,"0,002",0,1,551,95,28,0,0,0,551
15851,VINK NORWAY AS,2259001,7/2/2025,,VINK NORWAY AS,Bjørnerudveien 8 1266 OSLO NO,JOMAR AS,Alexandra Sverdups veg 2 7940 Ottersøy NO,NOK,0,P,595624,−1,"−351,6",−311,−311,"−1,172",0,−1,−4048,0,0,0,0,−4048,0
15851,VINK NORWAY AS,2259002,7/2/2025,,VINK NORWAY AS,Bjørnerudveien 8 1266 OSLO NO,JOMAR AS,Alexandra Sverdups veg 2 7940 Ottersøy NO,NOK,0,P,595623,1,"351,6",311,311,"1,172",0,1,1358,95,68,0,0,0,1358
15851,VINK NORWAY AS,2259111,8/28/2025,,VINK NORWAY AS,Bjørnerudveien 8 1266 OSLO NO,IN DECOR AS,Industriveien 2 9308 FINNSNES NO,NOK,0,P,596400,2,650,627,627,"1,281",0,2,1761,95,88,0,0,0,1761
15851,VINK NORWAY AS,2259458,8/28/2025,,Uni-Form AS,Industriveien 7 8208 FAUSKE NO,VINK NORWAY AS,Bjørnerudveien 8 1266 OSLO NO,NOK,0,P,598900,1,417,417,417,"0,688",0,1,2200,95,0,0,0,0,2200
15851,VINK NORWAY AS,2259459,8/28/2025,,Plast og Montasje AS,Skibotsveien 388 9143 SKIBOTN NO,VINK NORWAY AS,Bjørnerudveien 8 1266 OSLO NO,NOK,0,P,600972,2,"489,6",366,366,"1,632",0,2,2500,95,0,0,0,0,2500
15851,VINK NORWAY AS,2259466,8/28/2025,,VINK NORWAY AS,Bjørnerudveien 8 1266 OSLO NO,NOFI Tromsø AS,Eidvegen 642 9105 Kvaløya NO,NOK,0,P,596400,7,6505,6505,6505,"13,355",0,7,12197,95,610,0,0,0,12197
15851,VINK NORWAY AS,2259472,8/28/2025,,VINK NORWAY AS,Bjørnerudveien 8 1266 OSLO NO,NOFI Tromsø AS,Eidvegen 642 9105 Kvaløya NO,NOK,0,P,596400,2,2923,2923,2923,"6,576",0,2,5472,95,274,0,0,0,5472
15851,VINK NORWAY AS,2259801,8/29/2025,,VINK NORWAY AS,Bjørnerudveien 8 1266 OSLO NO,Svolvær Maskinstasjon,Vårsettøyveien 32 8300 Svolvær NO,NOK,0,P,597691,1,"104,1",92,92,"0,347",0,1,787,95,31,0,0,0,787
15851,VINK NORWAY AS,2260881,9/1/2025,,VINK NORWAY AS,Bjørnerudveien 8 1266 OSLO NO,Båt og Motor AS,HAVNEVEIEN 30-32 9610 RYPEFJORD NO,NOK,0,P,597691,3,1367,1367,1367,"2,745",0,3,3259,95,130,0,0,0,3259
15851,VINK NORWAY AS,2262002,7/29/2025,,VINK NORWAY AS,Bjørnerudveien 8 1266 OSLO NO,LATECH AS,Moskenes 8392 Sørvågen NO,NOK,0,P,596424,−2,−931,−931,−931,"−2,323",0,−2,−11514,−95,−576,0,0,0,−11514
15851,VINK NORWAY AS,2262003,7/29/2025,,VINK NORWAY AS,Bjørnerudveien 8 1266 OSLO NO,LATECH AS,Moskenes 8392 Sørvågen NO,NOK,0,P,596423,2,931,931,931,"2,323",0,2,5757,95,288,0,0,0,5757
15851,VINK NORWAY AS,2262005,9/3/2025,,VINK NORWAY AS,Bjørnerudveien 8 1266 OSLO NO,MELBU SYSTEMS AS,SMINESGATA 3 8445 MELBU NO,NOK,0,P,600972,1,114,114,114,"0,259",0,1,1189,95,48,0,0,0,1189
15851,VINK NORWAY AS,2262006,9/3/2025,,VINK NORWAY AS,Bjørnerudveien 8 1266 OSLO NO,HAPLAST AS,INDUSTRIVEIEN 6 9062 FURUFLATEN NO,NOK,0,P,597691,2,1321,1258,1258,"2,385",0,2,4061,95,162,0,0,0,4061
15851,VINK NORWAY AS,2262852,9/5/2025,,VINK NORWAY AS,Bjørnerudveien 8 1266 OSLO NO,"Rimo Reklame AS, Skiltgruppen",FRYDENLUNDGATA 27 8517 NARVIK NO,NOK,0,P,599520,2,"670,4",554,554,"1,455",0,2,1614,95,65,0,0,0,1614
15851,VINK NORWAY AS,2263959,9/8/2025,,VINK NORWAY AS,Bjørnerudveien 8 1266 OSLO NO,"Polarplast - CO Nordlaks Smolt AS, avd. Nusfjord",NUSFJORDVEIEN 25 8380 RAMBERG NO,NOK,0,P,602580,7,5511,5206,5206,"13,639",0,7,13486,95,539,0,0,0,13486
15851,VINK NORWAY AS,2264271,8/20/2025,,VINK NORWAY AS,Bjørnerudveien 8 1266 OSLO NO,NOVASEA AS,NAUSTHOLMEN 8764 LOVUND NO,NOK,0,P,597692,−1,−120,−120,−120,"−0,269",0,−1,−2600,−95,0,0,0,0,−2600
15851,VINK NORWAY AS,2264272,8/20/2025,,VINK NORWAY AS,Bjørnerudveien 8 1266 OSLO NO,NOVASEA AS,NAUSTHOLMEN 8764 LOVUND NO,NOK,0,P,597691,1,120,120,120,"0,269",0,1,1653,95,66,0,0,0,1653
15851,VINK NORWAY AS,2264763,9/9/2025,,VINK NORWAY AS,Bjørnerudveien 8 1266 OSLO NO,INDUFORM AS,Ravnsgt. 6A 7600 Levanger NO,NOK,0,P,600265,4,"1901,1",1899,1899,"4,228",0,4,3153,95,126,0,0,3153,0
15851,VINK NORWAY AS,2264764,9/9/2025,,VINK NORWAY AS,Bjørnerudveien 8 1266 OSLO NO,Grafix AS,ARONNESVEIEN 55 9514 ALTA NO,NOK,0,P,598592,1,"264,6",117,117,"0,882",0,1,1519,95,61,0,0,0,1519
15851,VINK NORWAY AS,2264975,9/9/2025,,VINK NORWAY AS,Bjørnerudveien 8 1266 OSLO NO,Universitetssenteret På Svalba,STAKKEVOLLVEIEN 317 9019 TROMSØ NO,NOK,0,P,599828,1,367,367,367,"0,764",0,1,1290,95,52,0,0,0,1290
15851,VINK NORWAY AS,2265040,9/10/2025,,VINK NORWAY AS,Bjørnerudveien 8 1266 OSLO NO,Glassmester J. Eberg Hansen AS,Industrivegen 4 8657 Mosjøen NO,NOK,0,P,599828,1,"1230,3",190,190,"4,101",0,1,2030,95,81,0,0,0,2030
15851,VINK NORWAY AS,2267112,9/12/2025,,VINK NORWAY AS,Bjørnerudveien 8 1266 OSLO NO,NOFI Tromsø AS,stakkevollveien 51 9010 Tromsø NO,NOK,0,P,599828,3,"734,4",555,555,"2,448",0,3,1761,95,70,0,0,0,1761
15851,VINK NORWAY AS,2267151,9/15/2025,,VINK NORWAY AS,Bjørnerudveien 8 1266 OSLO NO,NOFI Tromsø AS,Eidvegen 642 9105 Kvaløya NO,NOK,0,P,600265,1,"330,6",316,316,"1,102",0,1,7787,95,311,0,0,0,7787
15851,VINK NORWAY AS,2267438,9/15/2025,,VINK NORWAY AS,Bjørnerudveien 8 1266 OSLO NO,Nærøysund Aquaservice AS,Marøystrandvegen 29 7900 Rørvik NO,NOK,0,P,600265,8,9664,9664,9664,"16,02",0,8,10283,95,411,0,0,0,10283
15851,VINK NORWAY AS,2267465,9/15/2025,,VINK NORWAY AS,Bjørnerudveien 8 1266 OSLO NO,Nærøysund Aquaservice AS,Marøystrandvegen 29 7900 Rørvik NO,NOK,0,P,600265,1,357,357,357,"0,835",0,1,1607,95,64,0,0,0,1607
15851,VINK NORWAY AS,2267765,9/15/2025,,VINK NORWAY AS,Bjørnerudveien 8 1266 OSLO NO,Momek Services AS / Co Andfjord Salomon,KVALNESVEIEN 69 8485 DVERBERG NO,NOK,0,P,600972,1,108,60,60,"0,36",0,1,1008,95,40,0,0,0,1008
15851,VINK NORWAY AS,2267766,9/15/2025,,VINK NORWAY AS,Bjørnerudveien 8 1266 OSLO NO,SEMEKAS,STRANDVEIEN 116 8149 NEVERDAL NO,NOK,0,P,599828,1,16,16,16,"0,02",0,1,551,95,22,0,0,0,551
15851,VINK NORWAY AS,2268732,9/17/2025,,VINK NORWAY AS,Bjørnerudveien 8 1266 OSLO NO,RANA GRUBER ASA,Mjølandveien 29 8622 MO I RANA NO,NOK,0,P,599828,1,412,412,412,"1,05",0,1,1354,95,54,0,0,0,1354
15851,VINK NORWAY AS,2269409,9/18/2025,,VINK NORWAY AS,Bjørnerudveien 8 1266 OSLO NO,Per Magnus Martinussen,Vestbygdvegen 1107 8412 Vestbygd NO,NOK,0,P,600972,4,"1132,7",999,999,"2,093",0,4,2388,95,96,0,0,0,2388
15851,VINK NORWAY AS,2270726,9/22/2025,,VINK NORWAY AS,Bjørnerudveien 8 1266 OSLO NO,Svalbard Glass og Fasade,Ringvegen 200 9018 Tromsø NO,NOK,0,P,599828,1,521,521,521,"1,654",0,1,1761,95,70,0,0,0,1761
15851,VINK NORWAY AS,2271181,9/23/2025,,VINK NORWAY AS,Bjørnerudveien 8 1266 OSLO NO,A.Berg AS,STORGATA 87 8370 LEKNES NO,NOK,0,P,600972,2,32,32,32,"0,064",0,2,646,95,26,0,0,0,646
15851,VINK NORWAY AS,2271182,9/23/2025,,VINK NORWAY AS,Bjørnerudveien 8 1266 OSLO NO,Af Hæhre & Contur Ans,KVALNESVEIEN 69 8485 DVERBERG NO,NOK,0,P,600972,2,"401,9",273,273,"1,213",0,2,1689,95,68,0,0,0,1689
15851,VINK NORWAY AS,2271783,9/24/2025,,VINK NORWAY AS,Bjørnerudveien 8 1266 OSLO NO,NOFI Tromsø AS,Eidvegen 642 9105 Kvaløya NO,NOK,0,P,600265,3,3054,3054,3054,"5,899",0,3,31831,95,1273,0,0,0,31831
15851,VINK NORWAY AS,2272336,9/25/2025,,VINK NORWAY AS,Bjørnerudveien 8 1266 OSLO NO,HAPLAST AS,INDUSTRIVEIEN 6 9062 FURUFLATEN NO,NOK,0,P,600972,2,"526,6",509,509,"1,552",0,2,2460,95,98,0,0,0,2460
15851,VINK NORWAY AS,2272356,9/25/2025,,VINK NORWAY AS,Bjørnerudveien 8 1266 OSLO NO,Nærøysund Aquaservice AS,Marøystrandvegen 29 7900 Rørvik NO,NOK,0,P,600972,1,10,10,10,"0,021",0,1,551,95,22,0,0,0,551
15851,VINK NORWAY AS,2272659,9/25/2025,,VINK NORWAY AS,Bjørnerudveien 8 1266 OSLO NO,FRODE UTSI AS,GRENVEIEN 18 9845 TANA NO,NOK,0,P,600972,4,"2133,2",2085,2085,"5,094",0,4,11648,95,466,0,0,0,11648
15851,VINK NORWAY AS,2272893,9/25/2025,,VINK NORWAY AS,Bjørnerudveien 8 1266 OSLO NO,HAPLAST AS,INDUSTRIVEIEN 6 9062 FURUFLATEN NO,NOK,0,P,600972,3,2155,2155,2155,"3,978",0,3,6624,95,265,0,0,0,6624
15851,VINK NORWAY AS,2272926,9/26/2025,,VINK NORWAY AS,Bjørnerudveien 8 1266 OSLO NO,SLIPEN MEKANISKE AS,Kirkeveien 1 8800 Sandnessjøen NO,NOK,0,P,600265,1,934,934,934,"2,554",0,1,1541,95,62,0,0,0,1541
15851,VINK NORWAY AS,2273742,9/29/2025,,VINK NORWAY AS,Bjørnerudveien 8 1266 OSLO NO,THE QUARTZ CORP AS,HELLANDSVEIEN 14 8270 DRAG NO,NOK,0,P,601902,1,"196,5",77,77,"0,655",0,1,787,95,31,0,0,0,787
15851,VINK NORWAY AS,2273973,9/29/2025,,VINK NORWAY AS,Bjørnerudveien 8 1266 OSLO NO,"Rimo Reklame AS, Skiltgruppen",FRYDENLUNDGATA 27 8517 NARVIK NO,NOK,0,P,601902,1,"166,5",159,159,"0,555",0,1,1333,95,35,450,0,0,883
15851,VINK NORWAY AS,2274630,9/30/2025,,VINK NORWAY AS,Bjørnerudveien 8 1266 OSLO NO,Nærøysund Aquaservice AS,Marøystrandvegen 29 7900 Rørvik NO,NOK,0,P,601106,2,2220,2220,2220,"4,56",0,2,4462,95,178,0,0,0,4462
15851,VINK NORWAY AS,2274950,10/1/2025,,VINK NORWAY AS,Bjørnerudveien 8 1266 OSLO NO,POLARPLAST AS,GLOMFJORD INDUSTRIPARK 8160 GLOMFJORD NO,NOK,0,P,601837,4,4160,4160,4160,"9,526",0,4,12310,95,492,0,0,0,12310
15851,VINK NORWAY AS,2275679,10/2/2025,,VINK NORWAY AS,Bjørnerudveien 8 1266 OSLO NO,POLARPLAST AS,GLOMFJORD INDUSTRIPARK 8160 GLOMFJORD NO,NOK,0,P,601837,6,"384,3",258,258,"1,281",0,1,0,0,0,0,0,0,0
15851,VINK NORWAY AS,2276194,9/24/2025,,VINK NORWAY AS,Bjørnerudveien 8 1266 OSLO NO,NOFI Tromsø AS,Eidvegen 642 9105 Kvaløya NO,NOK,0,P,600973,−3,−3054,−3054,−3054,"−5,899",0,−3,−31831,−95,−1273,0,0,0,−31831
15851,VINK NORWAY AS,2276195,9/24/2025,,VINK NORWAY AS,Bjørnerudveien 8 1266 OSLO NO,NOFI Tromsø AS,Eidvegen 642 9105 Kvaløya NO,NOK,0,P,600972,3,3054,3054,3054,"5,899",0,3,5700,95,228,0,0,0,5700
15851,VINK NORWAY AS,2278419,10/8/2025,,VINK NORWAY AS,Bjørnerudveien 8 1266 OSLO NO,A.Berg AS,STORGATA 87 8370 LEKNES NO,NOK,0,P,,1,"135,3",66,66,"0,451",0,1,0,0,0,0,0,0,0
15851,VINK NORWAY AS,2279439,10/10/2025,,VINK NORWAY AS,Bjørnerudveien 8 1266 OSLO NO,HAPLAST AS,INDUSTRIVEIEN 6 9062 FURUFLATEN NO,NOK,0,P,603382,7,5388,5363,5363,"9,523",0,7,13044,95,522,0,0,0,13044
15851,VINK NORWAY AS,2280527,10/14/2025,,VINK NORWAY AS,Bjørnerudveien 8 1266 OSLO NO,Brødrene Dahl AS,Haakon VII gt 108 8008 Bodø NO,NOK,0,P,602890,1,141,141,141,"0,427",0,1,803,95,32,0,0,0,803
15851,VINK NORWAY AS,2280736,10/14/2025,,VINK NORWAY AS,Bjørnerudveien 8 1266 OSLO NO,PLAST OG MONTASJE AS,SKIBOTSVEIEN 388 9143 SKIBOTN NO,NOK,0,P,,1,573,400,400,"1,91",0,1,1531,95,61,0,0,0,1531
15851,VINK NORWAY AS,2281353,10/15/2025,,VINK NORWAY AS,Bjørnerudveien 8 1266 OSLO NO,Havida - Lager i Brønnøysund,Gårdsøyveien 19 8907 BRØNNØYSUND NO,NOK,0,P,,11,"4164,7",3985,3985,"9,7",0,11,6418,95,257,0,0,0,6418
15851,VINK NORWAY AS,2281497,10/15/2025,,VINK NORWAY AS,Bjørnerudveien 8 1266 OSLO NO,NOFI Tromsø AS,Eidvegen 642 9105 Kvaløya NO,NOK,0,P,,3,"2054,2",2006,2006,"3,799",0,3,0,0,0,0,0,0,0
15851,VINK NORWAY AS,2281513,10/15/2025,,VINK NORWAY AS,Bjørnerudveien 8 1266 OSLO NO,Hurtigtrykk Alta,Aronnesveien 40 B 9514 Alta NO,NOK,0,P,,1,"31,8",10,10,"0,106",0,1,0,0,0,0,0,0,0
15851,VINK NORWAY AS,2281721,10/15/2025,,VINK NORWAY AS,Bjørnerudveien 8 1266 OSLO NO,FRODE UTSI AS,GRENVEIEN 18 9845 TANA NO,NOK,0,P,,1,672,672,672,"1,6",0,1,0,0,0,0,0,0,0
15851,VINK NORWAY AS,2282265,10/20/2025,,VINK NORWAY AS,Bjørnerudveien 8 1266 OSLO NO,INDUFORM AS,Ravnsgt. 6A 7600 Levanger NO,NOK,0,P,,4,"5324,3",1913,1913,"4,324","2,5",4,0,0,0,0,0,0,0
15851,VINK NORWAY AS,2282334,10/17/2025,,VINK NORWAY AS,Bjørnerudveien 8 1266 OSLO NO,AQ Solutions AS,Redvald knudtsons vei 5 8624 Mo I Rana NO,NOK,0,P,,2,"345,6",282,282,"1,152",0,2,1354,95,54,0,0,0,1354
15851,VINK NORWAY AS,2282969,10/20/2025,,VINK NORWAY AS,Bjørnerudveien 8 1266 OSLO NO,NORSEAQUA AS,Sørfjordveien 5 7980 Terråk NO,NOK,0,P,,1,899,899,899,"1,395",0,1,0,0,0,0,0,0,0
15851,VINK NORWAY AS,2283464,10/20/2025,,VINK NORWAY AS,Bjørnerudveien 8 1266 OSLO NO,BYGGMAKKER MATERIALHANDELEN AS,Fomavegen 14 9990 Båtsfjord NO,NOK,0,P,,1,"181,8",175,175,"0,606",0,1,0,0,0,0,0,0,0
15851,VINK NORWAY AS,2283465,10/20/2025,,VINK NORWAY AS,Bjørnerudveien 8 1266 OSLO NO,Grafix AS,ALTAVEIEN 269 9515 ALTA NO,NOK,0,P,,1,"249,9",167,167,"0,833",0,1,0,0,0,0,0,0,0
15851,VINK NORWAY AS,2283905,10/21/2025,,VINK NORWAY AS,Bjørnerudveien 8 1266 OSLO NO,NOFI Tromsø AS,Eidvegen 642 9105 Kvaløya NO,NOK,0,P,,2,"1987,3",1915,1915,"5,307",0,2,0,0,0,0,0,0,0
15851,VINK NORWAY AS,2284161,10/21/2025,,VINK NORWAY AS,Bjørnerudveien 8 1266 OSLO NO,Industriteknikk AS,Andørjaveien 419 9454 ÅNSTAD NO,NOK,0,P,,3,"40,9",35,35,"0,128",0,3,0,0,0,0,0,0,0
15851,VINK NORWAY AS,2284286,10/22/2025,,VINK NORWAY AS,Bjørnerudveien 8 1266 OSLO NO,REK-MONT AS,SKOLEVEIEN 14 9407 HARSTAD NO,NOK,0,P,,1,548,548,548,"1,012",0,1,0,0,0,0,0,0,0
15851,VINK NORWAY AS,2284415,10/22/2025,,VINK NORWAY AS,Bjørnerudveien 8 1266 OSLO NO,NORRDE ENGINEERING AS,INDUSTRIVEIEN 46 8907 BRØNNØYSUND NO,NOK,0,P,,1,"9,6",9,9,"0,032",0,1,0,0,0,0,0,0,0
15851,VINK NORWAY AS,2284806,10/23/2025,,VINK NORWAY AS,Bjørnerudveien 8 1266 OSLO NO,BYGGMAKKER MATERIALHANDELEN AS,Fomavegen 14 9990 Båtsfjord NO,NOK,0,P,,1,"121,5",62,62,"0,405",0,1,0,0,0,0,0,0,0
15851,VINK NORWAY AS,2284807,10/23/2025,,VINK NORWAY AS,Bjørnerudveien 8 1266 OSLO NO,HAPLAST AS,INDUSTRIVEIEN 6 9062 FURUFLATEN NO,NOK,0,P,,3,"2684,6",2645,2645,"4,801",0,3,0,0,0,0,0,0,0
,,,,,,,,,,,,,,,,,,,,,,,,,,
,,,,,,,,,,,,,,,,,,,,,,,,,,
"Applied filters:
ETD is on or after 1/1/2025
Kunde is VINK NORWAY AS",,,,,,,,,,,,,,,,,,,,,,,,,,